"Step","base_model - loss","base_model - loss__MIN","base_model - loss__MAX"
"100","8.812786102294922","8.812786102294922","8.812786102294922"
"200","7.357602119445801","7.357602119445801","7.357602119445801"
"300","6.8774919509887695","6.8774919509887695","6.8774919509887695"
"400","6.731173515319824","6.731173515319824","6.731173515319824"
"500","6.208904266357422","6.208904266357422","6.208904266357422"
"600","6.143134593963623","6.143134593963623","6.143134593963623"
"700","6.2384538650512695","6.2384538650512695","6.2384538650512695"
"800","6.077123641967773","6.077123641967773","6.077123641967773"
"900","6.133282661437988","6.133282661437988","6.133282661437988"
"1000","6.304667949676514","6.304667949676514","6.304667949676514"
"1100","5.9345383644104","5.9345383644104","5.9345383644104"
"1200","5.928483486175537","5.928483486175537","5.928483486175537"
"1300","5.909469127655029","5.909469127655029","5.909469127655029"
"1400","5.971351623535156","5.971351623535156","5.971351623535156"
"1500","6.314227104187012","6.314227104187012","6.314227104187012"
"1600","6.076296329498291","6.076296329498291","6.076296329498291"
"1700","6.046915531158447","6.046915531158447","6.046915531158447"
"1800","5.595134735107422","5.595134735107422","5.595134735107422"
"1900","5.79569673538208","5.79569673538208","5.79569673538208"
"2000","5.692195892333984","5.692195892333984","5.692195892333984"
"2100","6.202150821685791","6.202150821685791","6.202150821685791"
"2200","5.556520462036133","5.556520462036133","5.556520462036133"
"2300","5.587338924407959","5.587338924407959","5.587338924407959"
"2400","5.881533145904541","5.881533145904541","5.881533145904541"
"2500","5.573305130004883","5.573305130004883","5.573305130004883"
"2600","5.5007710456848145","5.5007710456848145","5.5007710456848145"
"2700","5.960153579711914","5.960153579711914","5.960153579711914"
"2800","5.723659992218018","5.723659992218018","5.723659992218018"
"2900","5.417418479919434","5.417418479919434","5.417418479919434"
"3000","5.6736040115356445","5.6736040115356445","5.6736040115356445"
"3100","5.591766357421875","5.591766357421875","5.591766357421875"
"3200","5.441534996032715","5.441534996032715","5.441534996032715"
"3300","5.744895935058594","5.744895935058594","5.744895935058594"
"3400","5.695979595184326","5.695979595184326","5.695979595184326"
"3500","5.6311845779418945","5.6311845779418945","5.6311845779418945"
"3600","5.463977336883545","5.463977336883545","5.463977336883545"
"3700","5.461130619049072","5.461130619049072","5.461130619049072"
"3800","5.567934513092041","5.567934513092041","5.567934513092041"
"3900","5.381409168243408","5.381409168243408","5.381409168243408"
"4000","5.652769088745117","5.652769088745117","5.652769088745117"
"4100","5.5033650398254395","5.5033650398254395","5.5033650398254395"
"4200","5.461767196655273","5.461767196655273","5.461767196655273"
"4300","5.2953877449035645","5.2953877449035645","5.2953877449035645"
"4400","5.515241622924805","5.515241622924805","5.515241622924805"
"4500","5.336703300476074","5.336703300476074","5.336703300476074"
"4600","5.508260250091553","5.508260250091553","5.508260250091553"
"4700","5.5345025062561035","5.5345025062561035","5.5345025062561035"
"4800","4.921212196350098","4.921212196350098","4.921212196350098"
"4900","5.060771942138672","5.060771942138672","5.060771942138672"
"5000","5.363946437835693","5.363946437835693","5.363946437835693"
"5100","5.361861228942871","5.361861228942871","5.361861228942871"
"5200","5.291097640991211","5.291097640991211","5.291097640991211"
"5300","5.443077087402344","5.443077087402344","5.443077087402344"
"5400","5.212965965270996","5.212965965270996","5.212965965270996"
"5500","5.344279766082764","5.344279766082764","5.344279766082764"
"5600","5.547351360321045","5.547351360321045","5.547351360321045"
"5700","4.792717456817627","4.792717456817627","4.792717456817627"
"5800","5.483435153961182","5.483435153961182","5.483435153961182"
"5900","5.03456974029541","5.03456974029541","5.03456974029541"
"6000","5.361721515655518","5.361721515655518","5.361721515655518"
"6100","5.4124603271484375","5.4124603271484375","5.4124603271484375"
"6200","5.298870086669922","5.298870086669922","5.298870086669922"
"6300","5.372016906738281","5.372016906738281","5.372016906738281"
"6400","5.617063999176025","5.617063999176025","5.617063999176025"
"6500","5.278281211853027","5.278281211853027","5.278281211853027"
"6600","5.280460357666016","5.280460357666016","5.280460357666016"
"6700","5.413971900939941","5.413971900939941","5.413971900939941"
"6800","5.462057113647461","5.462057113647461","5.462057113647461"
"6900","5.276819705963135","5.276819705963135","5.276819705963135"
"7000","5.189239025115967","5.189239025115967","5.189239025115967"
"7100","5.536548137664795","5.536548137664795","5.536548137664795"
"7200","5.269292831420898","5.269292831420898","5.269292831420898"
"7300","5.472813606262207","5.472813606262207","5.472813606262207"
"7400","5.319927215576172","5.319927215576172","5.319927215576172"
"7500","5.438669681549072","5.438669681549072","5.438669681549072"
"7600","5.042609691619873","5.042609691619873","5.042609691619873"
"7700","5.234444618225098","5.234444618225098","5.234444618225098"
"7800","5.251405239105225","5.251405239105225","5.251405239105225"
"7900","5.196625232696533","5.196625232696533","5.196625232696533"
"8000","5.169985771179199","5.169985771179199","5.169985771179199"
"8100","5.4419169425964355","5.4419169425964355","5.4419169425964355"
"8200","4.93932580947876","4.93932580947876","4.93932580947876"
"8300","5.312851905822754","5.312851905822754","5.312851905822754"
"8400","5.437009811401367","5.437009811401367","5.437009811401367"
"8500","5.131631374359131","5.131631374359131","5.131631374359131"
"8600","5.014194011688232","5.014194011688232","5.014194011688232"
"8700","5.319165229797363","5.319165229797363","5.319165229797363"
"8800","5.214696884155273","5.214696884155273","5.214696884155273"
"8900","5.088668346405029","5.088668346405029","5.088668346405029"
"9000","4.956165790557861","4.956165790557861","4.956165790557861"
"9100","5.154254913330078","5.154254913330078","5.154254913330078"
"9200","5.269931316375732","5.269931316375732","5.269931316375732"
"9300","5.100702285766602","5.100702285766602","5.100702285766602"
"9400","5.283605575561523","5.283605575561523","5.283605575561523"
"9500","5.187455177307129","5.187455177307129","5.187455177307129"
"9600","5.196133613586426","5.196133613586426","5.196133613586426"
"9700","5.401749134063721","5.401749134063721","5.401749134063721"
"9800","5.200831413269043","5.200831413269043","5.200831413269043"
"9900","4.897102355957031","4.897102355957031","4.897102355957031"
"10000","4.904830455780029","4.904830455780029","4.904830455780029"
"10100","5.235792636871338","5.235792636871338","5.235792636871338"
"10200","4.814394950866699","4.814394950866699","4.814394950866699"
"10300","5.004787921905518","5.004787921905518","5.004787921905518"
"10400","5.003146648406982","5.003146648406982","5.003146648406982"
"10500","4.7925825119018555","4.7925825119018555","4.7925825119018555"
"10600","4.798136234283447","4.798136234283447","4.798136234283447"
"10700","5.391918659210205","5.391918659210205","5.391918659210205"
"10800","5.2981157302856445","5.2981157302856445","5.2981157302856445"
"10900","5.025509834289551","5.025509834289551","5.025509834289551"
"11000","5.2357635498046875","5.2357635498046875","5.2357635498046875"
"11100","5.203176498413086","5.203176498413086","5.203176498413086"
"11200","4.857646942138672","4.857646942138672","4.857646942138672"
"11300","5.3419623374938965","5.3419623374938965","5.3419623374938965"
"11400","5.15022087097168","5.15022087097168","5.15022087097168"
"11500","4.974538803100586","4.974538803100586","4.974538803100586"
"11600","5.039966583251953","5.039966583251953","5.039966583251953"
"11700","4.970635414123535","4.970635414123535","4.970635414123535"
"11800","5.127503871917725","5.127503871917725","5.127503871917725"
"11900","4.984132289886475","4.984132289886475","4.984132289886475"
"12000","4.997645378112793","4.997645378112793","4.997645378112793"
"12100","5.076841354370117","5.076841354370117","5.076841354370117"
"12200","5.162405967712402","5.162405967712402","5.162405967712402"
"12300","5.13041877746582","5.13041877746582","5.13041877746582"
"12400","5.180867671966553","5.180867671966553","5.180867671966553"
"12500","5.107671737670898","5.107671737670898","5.107671737670898"
"12600","4.58613395690918","4.58613395690918","4.58613395690918"
"12700","4.9531569480896","4.9531569480896","4.9531569480896"
"12800","5.078258514404297","5.078258514404297","5.078258514404297"
"12900","4.882083892822266","4.882083892822266","4.882083892822266"
"13000","4.799013137817383","4.799013137817383","4.799013137817383"
"13100","4.9007463455200195","4.9007463455200195","4.9007463455200195"
"13200","4.985093593597412","4.985093593597412","4.985093593597412"
"13300","5.105135440826416","5.105135440826416","5.105135440826416"
"13400","5.067493915557861","5.067493915557861","5.067493915557861"
"13500","4.877450466156006","4.877450466156006","4.877450466156006"
"13600","4.763908863067627","4.763908863067627","4.763908863067627"
"13700","5.099728584289551","5.099728584289551","5.099728584289551"
"13800","5.079174995422363","5.079174995422363","5.079174995422363"
"13900","5.247467994689941","5.247467994689941","5.247467994689941"
"14000","4.985044956207275","4.985044956207275","4.985044956207275"
"14100","5.027560710906982","5.027560710906982","5.027560710906982"
"14200","4.793461322784424","4.793461322784424","4.793461322784424"
"14300","5.016890525817871","5.016890525817871","5.016890525817871"
"14400","4.831596851348877","4.831596851348877","4.831596851348877"
"14500","5.03333854675293","5.03333854675293","5.03333854675293"
"14600","5.008591651916504","5.008591651916504","5.008591651916504"
"14700","5.052978515625","5.052978515625","5.052978515625"
"14800","5.113864898681641","5.113864898681641","5.113864898681641"
"14900","5.0302510261535645","5.0302510261535645","5.0302510261535645"
"15000","4.866471290588379","4.866471290588379","4.866471290588379"
"15100","4.857076644897461","4.857076644897461","4.857076644897461"
"15200","4.96349573135376","4.96349573135376","4.96349573135376"
"15300","5.0816755294799805","5.0816755294799805","5.0816755294799805"
"15400","5.021207809448242","5.021207809448242","5.021207809448242"
"15500","5.0311994552612305","5.0311994552612305","5.0311994552612305"
"15600","4.8512678146362305","4.8512678146362305","4.8512678146362305"
"15700","4.890552043914795","4.890552043914795","4.890552043914795"
"15800","4.9990925788879395","4.9990925788879395","4.9990925788879395"
"15900","4.98024845123291","4.98024845123291","4.98024845123291"
"16000","5.031391143798828","5.031391143798828","5.031391143798828"
"16100","4.868010997772217","4.868010997772217","4.868010997772217"
"16200","4.710451126098633","4.710451126098633","4.710451126098633"
"16300","4.9381794929504395","4.9381794929504395","4.9381794929504395"
"16400","5.059320449829102","5.059320449829102","5.059320449829102"
"16500","4.633648872375488","4.633648872375488","4.633648872375488"
"16600","5.034470558166504","5.034470558166504","5.034470558166504"
"16700","4.988112449645996","4.988112449645996","4.988112449645996"
"16800","4.990340709686279","4.990340709686279","4.990340709686279"
"16900","4.815603733062744","4.815603733062744","4.815603733062744"
"17000","4.589742183685303","4.589742183685303","4.589742183685303"
"17100","4.948386192321777","4.948386192321777","4.948386192321777"
"17200","4.7831244468688965","4.7831244468688965","4.7831244468688965"
"17300","4.712344169616699","4.712344169616699","4.712344169616699"
"17400","4.6716628074646","4.6716628074646","4.6716628074646"
"17500","4.936095237731934","4.936095237731934","4.936095237731934"
"17600","4.826613903045654","4.826613903045654","4.826613903045654"
"17700","4.765823841094971","4.765823841094971","4.765823841094971"
"17800","4.802361488342285","4.802361488342285","4.802361488342285"
"17900","5.089273929595947","5.089273929595947","5.089273929595947"
"18000","4.923049449920654","4.923049449920654","4.923049449920654"
"18100","4.8849053382873535","4.8849053382873535","4.8849053382873535"
"18200","5.090114593505859","5.090114593505859","5.090114593505859"
"18300","4.877954006195068","4.877954006195068","4.877954006195068"
"18400","4.538232803344727","4.538232803344727","4.538232803344727"
"18500","4.94234561920166","4.94234561920166","4.94234561920166"
"18600","4.630660057067871","4.630660057067871","4.630660057067871"
"18700","4.806216239929199","4.806216239929199","4.806216239929199"
"18800","4.910339832305908","4.910339832305908","4.910339832305908"
"18900","4.861431121826172","4.861431121826172","4.861431121826172"
"19000","4.588566780090332","4.588566780090332","4.588566780090332"
"19100","4.946805477142334","4.946805477142334","4.946805477142334"
"19200","4.596312046051025","4.596312046051025","4.596312046051025"
"19300","4.742805480957031","4.742805480957031","4.742805480957031"
"19400","4.981821060180664","4.981821060180664","4.981821060180664"
"19500","4.682686805725098","4.682686805725098","4.682686805725098"
"19600","4.52277946472168","4.52277946472168","4.52277946472168"
"19700","4.845880031585693","4.845880031585693","4.845880031585693"
"19800","4.8072733879089355","4.8072733879089355","4.8072733879089355"
"19900","4.290948867797852","4.290948867797852","4.290948867797852"
"20000","4.6288580894470215","4.6288580894470215","4.6288580894470215"
"20100","4.646435260772705","4.646435260772705","4.646435260772705"
"20200","4.881925582885742","4.881925582885742","4.881925582885742"
"20300","4.80769157409668","4.80769157409668","4.80769157409668"
"20400","4.722482204437256","4.722482204437256","4.722482204437256"
"20500","4.829739093780518","4.829739093780518","4.829739093780518"
"20600","4.866593360900879","4.866593360900879","4.866593360900879"
"20700","4.753147125244141","4.753147125244141","4.753147125244141"
"20800","4.741751670837402","4.741751670837402","4.741751670837402"
"20900","4.852888107299805","4.852888107299805","4.852888107299805"
"21000","4.727686882019043","4.727686882019043","4.727686882019043"
"21100","4.941965579986572","4.941965579986572","4.941965579986572"
"21200","4.961606502532959","4.961606502532959","4.961606502532959"
"21300","4.893494129180908","4.893494129180908","4.893494129180908"
"21400","4.763131141662598","4.763131141662598","4.763131141662598"
"21500","4.629866600036621","4.629866600036621","4.629866600036621"
"21600","4.525958061218262","4.525958061218262","4.525958061218262"
"21700","4.934992790222168","4.934992790222168","4.934992790222168"
"21800","4.730915546417236","4.730915546417236","4.730915546417236"
"21900","4.9249348640441895","4.9249348640441895","4.9249348640441895"
"22000","4.765955448150635","4.765955448150635","4.765955448150635"
"22100","4.810524940490723","4.810524940490723","4.810524940490723"
"22200","4.626510143280029","4.626510143280029","4.626510143280029"
"22300","4.723320007324219","4.723320007324219","4.723320007324219"
"22400","4.849498748779297","4.849498748779297","4.849498748779297"
"22500","4.765193939208984","4.765193939208984","4.765193939208984"
"22600","4.865486145019531","4.865486145019531","4.865486145019531"
"22700","4.669878959655762","4.669878959655762","4.669878959655762"
"22800","4.776543140411377","4.776543140411377","4.776543140411377"
"22900","4.842528343200684","4.842528343200684","4.842528343200684"
"23000","4.8331170082092285","4.8331170082092285","4.8331170082092285"
"23100","4.539554595947266","4.539554595947266","4.539554595947266"
"23200","4.798394680023193","4.798394680023193","4.798394680023193"
"23300","4.277431488037109","4.277431488037109","4.277431488037109"
"23400","4.898251056671143","4.898251056671143","4.898251056671143"
"23500","4.852585315704346","4.852585315704346","4.852585315704346"
"23600","4.792919635772705","4.792919635772705","4.792919635772705"
"23700","4.8140869140625","4.8140869140625","4.8140869140625"
"23800","4.846512317657471","4.846512317657471","4.846512317657471"
"23900","4.569597244262695","4.569597244262695","4.569597244262695"
"24000","4.527733325958252","4.527733325958252","4.527733325958252"
"24100","4.76957893371582","4.76957893371582","4.76957893371582"
"24200","4.810851097106934","4.810851097106934","4.810851097106934"
"24300","4.670029163360596","4.670029163360596","4.670029163360596"
"24400","4.547801494598389","4.547801494598389","4.547801494598389"
"24500","4.716733932495117","4.716733932495117","4.716733932495117"
"24600","4.799307346343994","4.799307346343994","4.799307346343994"
"24700","4.753248691558838","4.753248691558838","4.753248691558838"
"24800","4.818680286407471","4.818680286407471","4.818680286407471"
"24900","4.627749443054199","4.627749443054199","4.627749443054199"
"25000","4.6897358894348145","4.6897358894348145","4.6897358894348145"
"25100","4.697165489196777","4.697165489196777","4.697165489196777"
"25200","4.735828876495361","4.735828876495361","4.735828876495361"
"25300","4.771764278411865","4.771764278411865","4.771764278411865"
"25400","4.761807918548584","4.761807918548584","4.761807918548584"
"25500","4.712769508361816","4.712769508361816","4.712769508361816"
"25600","4.758932590484619","4.758932590484619","4.758932590484619"
"25700","4.748248100280762","4.748248100280762","4.748248100280762"
"25800","4.408703327178955","4.408703327178955","4.408703327178955"
"25900","4.586403846740723","4.586403846740723","4.586403846740723"
"26000","4.745300769805908","4.745300769805908","4.745300769805908"
"26100","4.770336151123047","4.770336151123047","4.770336151123047"
"26200","4.538016319274902","4.538016319274902","4.538016319274902"
"26300","4.7727508544921875","4.7727508544921875","4.7727508544921875"
"26400","4.742094993591309","4.742094993591309","4.742094993591309"
"26500","4.538357734680176","4.538357734680176","4.538357734680176"
"26600","4.796355724334717","4.796355724334717","4.796355724334717"
"26700","4.318858623504639","4.318858623504639","4.318858623504639"
"26800","4.682485580444336","4.682485580444336","4.682485580444336"
"26900","4.638092994689941","4.638092994689941","4.638092994689941"
"27000","4.619688987731934","4.619688987731934","4.619688987731934"
"27100","4.760324954986572","4.760324954986572","4.760324954986572"
"27200","4.838667869567871","4.838667869567871","4.838667869567871"
"27300","4.5555419921875","4.5555419921875","4.5555419921875"
"27400","4.460104942321777","4.460104942321777","4.460104942321777"
"27500","4.758109092712402","4.758109092712402","4.758109092712402"
"27600","4.790459632873535","4.790459632873535","4.790459632873535"
"27700","4.699714183807373","4.699714183807373","4.699714183807373"
"27800","4.668980121612549","4.668980121612549","4.668980121612549"
"27900","4.68523645401001","4.68523645401001","4.68523645401001"
"28000","4.55082893371582","4.55082893371582","4.55082893371582"
"28100","4.7050018310546875","4.7050018310546875","4.7050018310546875"
"28200","4.672347068786621","4.672347068786621","4.672347068786621"
"28300","4.7672576904296875","4.7672576904296875","4.7672576904296875"
"28400","4.710159778594971","4.710159778594971","4.710159778594971"
"28500","4.761629104614258","4.761629104614258","4.761629104614258"
"28600","4.744617462158203","4.744617462158203","4.744617462158203"
"28700","4.53661584854126","4.53661584854126","4.53661584854126"
"28800","4.473738193511963","4.473738193511963","4.473738193511963"
"28900","4.6421074867248535","4.6421074867248535","4.6421074867248535"
"29000","4.5825114250183105","4.5825114250183105","4.5825114250183105"
"29100","4.618568420410156","4.618568420410156","4.618568420410156"
"29200","4.659243106842041","4.659243106842041","4.659243106842041"
"29300","4.6601152420043945","4.6601152420043945","4.6601152420043945"
"29400","4.458071708679199","4.458071708679199","4.458071708679199"
"29500","4.726887226104736","4.726887226104736","4.726887226104736"
"29600","4.730070114135742","4.730070114135742","4.730070114135742"
"29700","4.665559768676758","4.665559768676758","4.665559768676758"
"29800","4.48165225982666","4.48165225982666","4.48165225982666"
"29900","4.6636433601379395","4.6636433601379395","4.6636433601379395"
"30000","4.659514904022217","4.659514904022217","4.659514904022217"
"30100","4.663612365722656","4.663612365722656","4.663612365722656"
"30200","4.635942459106445","4.635942459106445","4.635942459106445"
"30300","4.670628070831299","4.670628070831299","4.670628070831299"
"30400","4.614260673522949","4.614260673522949","4.614260673522949"
"30500","4.434147834777832","4.434147834777832","4.434147834777832"
"30600","4.482087135314941","4.482087135314941","4.482087135314941"
"30700","4.6324639320373535","4.6324639320373535","4.6324639320373535"
"30800","4.752519130706787","4.752519130706787","4.752519130706787"
"30900","4.426458358764648","4.426458358764648","4.426458358764648"
"31000","4.706880569458008","4.706880569458008","4.706880569458008"
"31100","4.702473163604736","4.702473163604736","4.702473163604736"
"31200","4.580537796020508","4.580537796020508","4.580537796020508"
"31300","4.502494812011719","4.502494812011719","4.502494812011719"
"31400","4.573472023010254","4.573472023010254","4.573472023010254"
"31500","4.338901042938232","4.338901042938232","4.338901042938232"
"31600","4.615544319152832","4.615544319152832","4.615544319152832"
"31700","4.532778739929199","4.532778739929199","4.532778739929199"
"31800","4.617974758148193","4.617974758148193","4.617974758148193"
"31900","4.7064008712768555","4.7064008712768555","4.7064008712768555"
"32000","4.5844621658325195","4.5844621658325195","4.5844621658325195"
"32100","4.6487812995910645","4.6487812995910645","4.6487812995910645"
"32200","4.820174694061279","4.820174694061279","4.820174694061279"
"32300","4.6601481437683105","4.6601481437683105","4.6601481437683105"
"32400","4.567929744720459","4.567929744720459","4.567929744720459"
"32500","4.701477527618408","4.701477527618408","4.701477527618408"
"32600","4.677768707275391","4.677768707275391","4.677768707275391"
"32700","4.7117462158203125","4.7117462158203125","4.7117462158203125"
"32800","4.511510372161865","4.511510372161865","4.511510372161865"
"32900","4.6219072341918945","4.6219072341918945","4.6219072341918945"
"33000","4.358720302581787","4.358720302581787","4.358720302581787"
"33100","4.688532829284668","4.688532829284668","4.688532829284668"
"33200","4.59773588180542","4.59773588180542","4.59773588180542"
"33300","4.325123310089111","4.325123310089111","4.325123310089111"
"33400","4.219627857208252","4.219627857208252","4.219627857208252"
"33500","4.688180923461914","4.688180923461914","4.688180923461914"
"33600","4.143378257751465","4.143378257751465","4.143378257751465"
"33700","4.676847457885742","4.676847457885742","4.676847457885742"
"33800","4.661961078643799","4.661961078643799","4.661961078643799"
"33900","4.362834453582764","4.362834453582764","4.362834453582764"
"34000","4.667234420776367","4.667234420776367","4.667234420776367"
"34100","4.453029632568359","4.453029632568359","4.453029632568359"
"34200","4.561057090759277","4.561057090759277","4.561057090759277"
"34300","4.694415092468262","4.694415092468262","4.694415092468262"
"34400","4.380657196044922","4.380657196044922","4.380657196044922"
"34500","4.589967727661133","4.589967727661133","4.589967727661133"
"34600","4.461606025695801","4.461606025695801","4.461606025695801"
"34700","4.567832946777344","4.567832946777344","4.567832946777344"
"34800","4.567750453948975","4.567750453948975","4.567750453948975"
"34900","4.687445640563965","4.687445640563965","4.687445640563965"
"35000","4.521901607513428","4.521901607513428","4.521901607513428"
"35100","4.4616289138793945","4.4616289138793945","4.4616289138793945"
"35200","4.6281962394714355","4.6281962394714355","4.6281962394714355"
"35300","4.518212795257568","4.518212795257568","4.518212795257568"
"35400","4.507998943328857","4.507998943328857","4.507998943328857"
"35500","4.5296311378479","4.5296311378479","4.5296311378479"
"35600","4.620293617248535","4.620293617248535","4.620293617248535"
"35700","4.575655937194824","4.575655937194824","4.575655937194824"
"35800","4.509068489074707","4.509068489074707","4.509068489074707"
"35900","4.487061500549316","4.487061500549316","4.487061500549316"
"36000","4.524832248687744","4.524832248687744","4.524832248687744"
"36100","4.708266735076904","4.708266735076904","4.708266735076904"
"36200","4.269668102264404","4.269668102264404","4.269668102264404"
"36300","4.5488200187683105","4.5488200187683105","4.5488200187683105"
"36400","4.429596900939941","4.429596900939941","4.429596900939941"
"36500","4.432934761047363","4.432934761047363","4.432934761047363"
"36600","4.524188995361328","4.524188995361328","4.524188995361328"
"36700","4.608237266540527","4.608237266540527","4.608237266540527"
"36800","4.70996618270874","4.70996618270874","4.70996618270874"
"36900","4.507425308227539","4.507425308227539","4.507425308227539"
"37000","4.606827259063721","4.606827259063721","4.606827259063721"
"37100","4.614705562591553","4.614705562591553","4.614705562591553"
"37200","4.531003475189209","4.531003475189209","4.531003475189209"
"37300","4.487309455871582","4.487309455871582","4.487309455871582"
"37400","4.423776149749756","4.423776149749756","4.423776149749756"
"37500","4.57059907913208","4.57059907913208","4.57059907913208"
"37600","4.59622049331665","4.59622049331665","4.59622049331665"
"37700","4.663534641265869","4.663534641265869","4.663534641265869"
"37800","4.65427303314209","4.65427303314209","4.65427303314209"
"37900","4.629912853240967","4.629912853240967","4.629912853240967"
"38000","4.369640350341797","4.369640350341797","4.369640350341797"
"38100","4.634357929229736","4.634357929229736","4.634357929229736"
"38200","4.504091739654541","4.504091739654541","4.504091739654541"
"38300","4.574527740478516","4.574527740478516","4.574527740478516"
"38400","4.608809947967529","4.608809947967529","4.608809947967529"
"38500","4.271465301513672","4.271465301513672","4.271465301513672"
"38600","4.31779146194458","4.31779146194458","4.31779146194458"
"38700","4.598138332366943","4.598138332366943","4.598138332366943"
"38800","3.949939489364624","3.949939489364624","3.949939489364624"
"38900","4.323511123657227","4.323511123657227","4.323511123657227"
"39000","4.560412883758545","4.560412883758545","4.560412883758545"
"39100","4.347039222717285","4.347039222717285","4.347039222717285"
"39200","4.583802700042725","4.583802700042725","4.583802700042725"
"39300","4.4027557373046875","4.4027557373046875","4.4027557373046875"
"39400","4.408092021942139","4.408092021942139","4.408092021942139"
"39500","4.508594989776611","4.508594989776611","4.508594989776611"
"39600","4.587715148925781","4.587715148925781","4.587715148925781"
"39700","4.264451026916504","4.264451026916504","4.264451026916504"
"39800","4.272030353546143","4.272030353546143","4.272030353546143"
"39900","4.461462497711182","4.461462497711182","4.461462497711182"
"40000","4.613553524017334","4.613553524017334","4.613553524017334"
"40100","4.589842319488525","4.589842319488525","4.589842319488525"
"40200","4.30721378326416","4.30721378326416","4.30721378326416"
"40300","4.563553333282471","4.563553333282471","4.563553333282471"
"40400","4.26961612701416","4.26961612701416","4.26961612701416"
"40500","4.585971832275391","4.585971832275391","4.585971832275391"
"40600","4.360581398010254","4.360581398010254","4.360581398010254"
"40700","4.512834548950195","4.512834548950195","4.512834548950195"
"40800","4.504281997680664","4.504281997680664","4.504281997680664"
"40900","4.605076789855957","4.605076789855957","4.605076789855957"
"41000","4.609090328216553","4.609090328216553","4.609090328216553"
"41100","4.58729362487793","4.58729362487793","4.58729362487793"
"41200","4.715460777282715","4.715460777282715","4.715460777282715"
"41300","4.367156982421875","4.367156982421875","4.367156982421875"
"41400","4.507627487182617","4.507627487182617","4.507627487182617"
"41500","4.4647417068481445","4.4647417068481445","4.4647417068481445"
"41600","4.536101341247559","4.536101341247559","4.536101341247559"
"41700","4.444093704223633","4.444093704223633","4.444093704223633"
"41800","4.535917282104492","4.535917282104492","4.535917282104492"
"41900","4.602024078369141","4.602024078369141","4.602024078369141"
"42000","4.507561683654785","4.507561683654785","4.507561683654785"
"42100","4.202733993530273","4.202733993530273","4.202733993530273"
"42200","4.555611610412598","4.555611610412598","4.555611610412598"
"42300","4.541429042816162","4.541429042816162","4.541429042816162"
"42400","4.523326873779297","4.523326873779297","4.523326873779297"
"42500","4.562053680419922","4.562053680419922","4.562053680419922"
"42600","4.507230281829834","4.507230281829834","4.507230281829834"
"42700","4.603425979614258","4.603425979614258","4.603425979614258"
"42800","4.638595104217529","4.638595104217529","4.638595104217529"
"42900","4.452864170074463","4.452864170074463","4.452864170074463"
"43000","4.680934429168701","4.680934429168701","4.680934429168701"
"43100","4.359356880187988","4.359356880187988","4.359356880187988"
"43200","4.485163688659668","4.485163688659668","4.485163688659668"
"43300","4.579543590545654","4.579543590545654","4.579543590545654"
"43400","4.367043495178223","4.367043495178223","4.367043495178223"
"43500","4.032384872436523","4.032384872436523","4.032384872436523"
"43600","4.5774006843566895","4.5774006843566895","4.5774006843566895"
"43700","4.330706596374512","4.330706596374512","4.330706596374512"
"43800","4.508427619934082","4.508427619934082","4.508427619934082"
"43900","4.463796615600586","4.463796615600586","4.463796615600586"
"44000","4.489644527435303","4.489644527435303","4.489644527435303"
"44100","4.573296070098877","4.573296070098877","4.573296070098877"
"44200","4.553839683532715","4.553839683532715","4.553839683532715"
"44300","4.45210075378418","4.45210075378418","4.45210075378418"
"44400","4.329134941101074","4.329134941101074","4.329134941101074"
"44500","4.583567142486572","4.583567142486572","4.583567142486572"
"44600","4.450225830078125","4.450225830078125","4.450225830078125"
"44700","4.1948771476745605","4.1948771476745605","4.1948771476745605"
"44800","4.5414838790893555","4.5414838790893555","4.5414838790893555"
"44900","4.573669910430908","4.573669910430908","4.573669910430908"
"45000","4.542471408843994","4.542471408843994","4.542471408843994"
"45100","4.563657760620117","4.563657760620117","4.563657760620117"
"45200","4.509137153625488","4.509137153625488","4.509137153625488"
"45300","4.493462562561035","4.493462562561035","4.493462562561035"
"45400","4.417088508605957","4.417088508605957","4.417088508605957"
"45500","4.394924640655518","4.394924640655518","4.394924640655518"
"45600","4.353274345397949","4.353274345397949","4.353274345397949"
"45700","4.179104328155518","4.179104328155518","4.179104328155518"
"45800","4.457987308502197","4.457987308502197","4.457987308502197"
"45900","4.54332971572876","4.54332971572876","4.54332971572876"
"46000","4.335234642028809","4.335234642028809","4.335234642028809"
"46100","4.507261753082275","4.507261753082275","4.507261753082275"
"46200","4.277926445007324","4.277926445007324","4.277926445007324"
"46300","4.562418460845947","4.562418460845947","4.562418460845947"
"46400","4.605799198150635","4.605799198150635","4.605799198150635"
"46500","4.477179050445557","4.477179050445557","4.477179050445557"
"46600","4.5175909996032715","4.5175909996032715","4.5175909996032715"
"46700","4.062327861785889","4.062327861785889","4.062327861785889"
"46800","4.583122730255127","4.583122730255127","4.583122730255127"
"46900","4.2928996086120605","4.2928996086120605","4.2928996086120605"
"47000","4.293280124664307","4.293280124664307","4.293280124664307"
"47100","4.434253692626953","4.434253692626953","4.434253692626953"
"47200","4.396309852600098","4.396309852600098","4.396309852600098"
"47300","4.3662638664245605","4.3662638664245605","4.3662638664245605"
"47400","4.59948205947876","4.59948205947876","4.59948205947876"
"47500","4.493520259857178","4.493520259857178","4.493520259857178"
"47600","4.334917068481445","4.334917068481445","4.334917068481445"
"47700","4.428292274475098","4.428292274475098","4.428292274475098"
"47800","4.426385879516602","4.426385879516602","4.426385879516602"
"47900","4.483415126800537","4.483415126800537","4.483415126800537"
"48000","4.477244853973389","4.477244853973389","4.477244853973389"
"48100","4.485713958740234","4.485713958740234","4.485713958740234"
"48200","4.508501052856445","4.508501052856445","4.508501052856445"
"48300","4.2528276443481445","4.2528276443481445","4.2528276443481445"
"48400","4.43634033203125","4.43634033203125","4.43634033203125"
"48500","4.451048374176025","4.451048374176025","4.451048374176025"
"48600","4.468475818634033","4.468475818634033","4.468475818634033"
"48700","4.380594730377197","4.380594730377197","4.380594730377197"
"48800","4.564416408538818","4.564416408538818","4.564416408538818"
"48900","4.395249366760254","4.395249366760254","4.395249366760254"
"49000","4.489396572113037","4.489396572113037","4.489396572113037"
"49100","4.336662769317627","4.336662769317627","4.336662769317627"
"49200","4.106198310852051","4.106198310852051","4.106198310852051"
"49300","4.173168182373047","4.173168182373047","4.173168182373047"
"49400","4.6025543212890625","4.6025543212890625","4.6025543212890625"
"49500","4.563691139221191","4.563691139221191","4.563691139221191"
"49600","4.417132377624512","4.417132377624512","4.417132377624512"
"49700","4.473858833312988","4.473858833312988","4.473858833312988"
"49800","4.6141357421875","4.6141357421875","4.6141357421875"
"49900","4.404706001281738","4.404706001281738","4.404706001281738"
"50000","3.9278600215911865","3.9278600215911865","3.9278600215911865"
"50100","4.273810386657715","4.273810386657715","4.273810386657715"
"50200","4.1357831954956055","4.1357831954956055","4.1357831954956055"
"50300","4.314515590667725","4.314515590667725","4.314515590667725"
"50400","4.483261585235596","4.483261585235596","4.483261585235596"
"50500","4.293410778045654","4.293410778045654","4.293410778045654"
"50600","4.516490936279297","4.516490936279297","4.516490936279297"
"50700","4.576566696166992","4.576566696166992","4.576566696166992"
"50800","4.421926021575928","4.421926021575928","4.421926021575928"
"50900","4.404314994812012","4.404314994812012","4.404314994812012"
"51000","4.298105716705322","4.298105716705322","4.298105716705322"
"51100","4.361607074737549","4.361607074737549","4.361607074737549"
"51200","4.51032018661499","4.51032018661499","4.51032018661499"
"51300","4.452386379241943","4.452386379241943","4.452386379241943"
"51400","4.428315162658691","4.428315162658691","4.428315162658691"
"51500","4.1500935554504395","4.1500935554504395","4.1500935554504395"
"51600","4.4076762199401855","4.4076762199401855","4.4076762199401855"
"51700","4.443860054016113","4.443860054016113","4.443860054016113"
"51800","4.524898052215576","4.524898052215576","4.524898052215576"
"51900","4.416912078857422","4.416912078857422","4.416912078857422"
"52000","4.212381362915039","4.212381362915039","4.212381362915039"
"52100","4.502531051635742","4.502531051635742","4.502531051635742"
"52200","4.378936767578125","4.378936767578125","4.378936767578125"
"52300","4.4664106369018555","4.4664106369018555","4.4664106369018555"
"52400","4.436031818389893","4.436031818389893","4.436031818389893"
"52500","4.5588459968566895","4.5588459968566895","4.5588459968566895"
"52600","4.58344030380249","4.58344030380249","4.58344030380249"
"52700","4.332345962524414","4.332345962524414","4.332345962524414"
"52800","4.576714038848877","4.576714038848877","4.576714038848877"
"52900","4.176015853881836","4.176015853881836","4.176015853881836"
"53000","4.2643208503723145","4.2643208503723145","4.2643208503723145"
"53100","4.432159423828125","4.432159423828125","4.432159423828125"
"53200","4.21521520614624","4.21521520614624","4.21521520614624"
"53300","4.444824695587158","4.444824695587158","4.444824695587158"
"53400","4.4761128425598145","4.4761128425598145","4.4761128425598145"
"53500","4.458385467529297","4.458385467529297","4.458385467529297"
"53600","4.438887119293213","4.438887119293213","4.438887119293213"
"53700","4.145743370056152","4.145743370056152","4.145743370056152"
"53800","4.383853912353516","4.383853912353516","4.383853912353516"
"53900","4.468682765960693","4.468682765960693","4.468682765960693"
"54000","4.1455488204956055","4.1455488204956055","4.1455488204956055"
"54100","4.4988908767700195","4.4988908767700195","4.4988908767700195"
"54200","4.360943794250488","4.360943794250488","4.360943794250488"
"54300","4.546717166900635","4.546717166900635","4.546717166900635"
"54400","4.55820369720459","4.55820369720459","4.55820369720459"
"54500","4.494502067565918","4.494502067565918","4.494502067565918"
"54600","4.431469440460205","4.431469440460205","4.431469440460205"
"54700","4.252925395965576","4.252925395965576","4.252925395965576"
"54800","4.519550323486328","4.519550323486328","4.519550323486328"
"54900","4.436208248138428","4.436208248138428","4.436208248138428"
"55000","4.392579555511475","4.392579555511475","4.392579555511475"
"55100","4.627808570861816","4.627808570861816","4.627808570861816"
"55200","4.274905681610107","4.274905681610107","4.274905681610107"
"55300","4.433793067932129","4.433793067932129","4.433793067932129"
"55400","4.279319763183594","4.279319763183594","4.279319763183594"
"55500","4.451446533203125","4.451446533203125","4.451446533203125"
"55600","4.420912265777588","4.420912265777588","4.420912265777588"
"55700","4.589887619018555","4.589887619018555","4.589887619018555"
"55800","4.414499282836914","4.414499282836914","4.414499282836914"
"55900","4.526647567749023","4.526647567749023","4.526647567749023"
"56000","4.432027816772461","4.432027816772461","4.432027816772461"
"56100","4.462559700012207","4.462559700012207","4.462559700012207"
"56200","4.420956134796143","4.420956134796143","4.420956134796143"
"56300","4.464659214019775","4.464659214019775","4.464659214019775"
"56400","4.430136680603027","4.430136680603027","4.430136680603027"
"56500","4.514495372772217","4.514495372772217","4.514495372772217"
"56600","4.583933353424072","4.583933353424072","4.583933353424072"
"56700","4.478758335113525","4.478758335113525","4.478758335113525"
"56800","4.458109378814697","4.458109378814697","4.458109378814697"
"56900","3.945531129837036","3.945531129837036","3.945531129837036"
"57000","3.9852254390716553","3.9852254390716553","3.9852254390716553"
"57100","4.44027042388916","4.44027042388916","4.44027042388916"
"57200","4.276242733001709","4.276242733001709","4.276242733001709"
"57300","4.473380088806152","4.473380088806152","4.473380088806152"
"57400","4.505731582641602","4.505731582641602","4.505731582641602"
"57500","4.248396873474121","4.248396873474121","4.248396873474121"
"57600","4.4981913566589355","4.4981913566589355","4.4981913566589355"
"57700","4.5333781242370605","4.5333781242370605","4.5333781242370605"
"57800","4.363593578338623","4.363593578338623","4.363593578338623"
"57900","4.445522785186768","4.445522785186768","4.445522785186768"
"58000","4.191077709197998","4.191077709197998","4.191077709197998"
"58100","4.376102447509766","4.376102447509766","4.376102447509766"
"58200","4.41619873046875","4.41619873046875","4.41619873046875"
"58300","4.492412567138672","4.492412567138672","4.492412567138672"
"58400","4.401844024658203","4.401844024658203","4.401844024658203"
"58500","4.390521049499512","4.390521049499512","4.390521049499512"
"58600","4.240945339202881","4.240945339202881","4.240945339202881"
"58700","4.425096035003662","4.425096035003662","4.425096035003662"
"58800","4.382418155670166","4.382418155670166","4.382418155670166"
"58900","4.497641563415527","4.497641563415527","4.497641563415527"
"59000","4.3918070793151855","4.3918070793151855","4.3918070793151855"
"59100","4.407378196716309","4.407378196716309","4.407378196716309"
"59200","4.41015100479126","4.41015100479126","4.41015100479126"
"59300","4.439090728759766","4.439090728759766","4.439090728759766"
"59400","4.431968688964844","4.431968688964844","4.431968688964844"
"59500","4.144660949707031","4.144660949707031","4.144660949707031"
"59600","4.567165374755859","4.567165374755859","4.567165374755859"
"59700","4.280799388885498","4.280799388885498","4.280799388885498"
"59800","4.473266124725342","4.473266124725342","4.473266124725342"
"59900","4.589192867279053","4.589192867279053","4.589192867279053"
"60000","4.440974712371826","4.440974712371826","4.440974712371826"
"60100","4.4326066970825195","4.4326066970825195","4.4326066970825195"
"60200","4.502317428588867","4.502317428588867","4.502317428588867"
"60300","4.280257225036621","4.280257225036621","4.280257225036621"
"60400","4.462383270263672","4.462383270263672","4.462383270263672"
"60500","4.475458145141602","4.475458145141602","4.475458145141602"
"60600","4.15965461730957","4.15965461730957","4.15965461730957"
"60700","4.277338027954102","4.277338027954102","4.277338027954102"
"60800","4.480788230895996","4.480788230895996","4.480788230895996"
"60900","4.407826900482178","4.407826900482178","4.407826900482178"
"61000","4.276405334472656","4.276405334472656","4.276405334472656"
"61100","4.442445755004883","4.442445755004883","4.442445755004883"
"61200","4.394655227661133","4.394655227661133","4.394655227661133"
"61300","4.251983165740967","4.251983165740967","4.251983165740967"
"61400","4.354567050933838","4.354567050933838","4.354567050933838"
"61500","4.432592868804932","4.432592868804932","4.432592868804932"
"61600","4.406977653503418","4.406977653503418","4.406977653503418"
"61700","4.324520111083984","4.324520111083984","4.324520111083984"
"61800","4.402034759521484","4.402034759521484","4.402034759521484"
"61900","4.353340148925781","4.353340148925781","4.353340148925781"
"62000","4.307082653045654","4.307082653045654","4.307082653045654"
"62100","4.174559593200684","4.174559593200684","4.174559593200684"
"62200","4.217496871948242","4.217496871948242","4.217496871948242"
"62300","4.4527788162231445","4.4527788162231445","4.4527788162231445"
"62400","4.157207489013672","4.157207489013672","4.157207489013672"
"62500","4.389432907104492","4.389432907104492","4.389432907104492"
"62600","4.4120283126831055","4.4120283126831055","4.4120283126831055"
"62700","4.4225993156433105","4.4225993156433105","4.4225993156433105"
"62800","4.3096923828125","4.3096923828125","4.3096923828125"
"62900","3.9553487300872803","3.9553487300872803","3.9553487300872803"
"63000","4.444095134735107","4.444095134735107","4.444095134735107"
"63100","4.380352973937988","4.380352973937988","4.380352973937988"
"63200","4.3906755447387695","4.3906755447387695","4.3906755447387695"
"63300","4.493777751922607","4.493777751922607","4.493777751922607"
"63400","4.200814723968506","4.200814723968506","4.200814723968506"
"63500","4.184825897216797","4.184825897216797","4.184825897216797"
"63600","4.288679122924805","4.288679122924805","4.288679122924805"
"63700","4.457490921020508","4.457490921020508","4.457490921020508"
"63800","4.412698268890381","4.412698268890381","4.412698268890381"
"63900","4.442018508911133","4.442018508911133","4.442018508911133"
"64000","4.265681743621826","4.265681743621826","4.265681743621826"
"64100","4.364961624145508","4.364961624145508","4.364961624145508"
"64200","4.233391284942627","4.233391284942627","4.233391284942627"
"64300","4.4591288566589355","4.4591288566589355","4.4591288566589355"
"64400","4.434633255004883","4.434633255004883","4.434633255004883"
"64500","4.47000789642334","4.47000789642334","4.47000789642334"
"64600","4.300539016723633","4.300539016723633","4.300539016723633"
"64700","4.238876819610596","4.238876819610596","4.238876819610596"
"64800","4.467538833618164","4.467538833618164","4.467538833618164"
"64900","4.484346866607666","4.484346866607666","4.484346866607666"
"65000","4.431972503662109","4.431972503662109","4.431972503662109"
"65100","4.2229108810424805","4.2229108810424805","4.2229108810424805"
"65200","4.305653095245361","4.305653095245361","4.305653095245361"
"65300","4.3624587059021","4.3624587059021","4.3624587059021"
"65400","4.362277507781982","4.362277507781982","4.362277507781982"
"65500","4.4092488288879395","4.4092488288879395","4.4092488288879395"
"65600","4.510551929473877","4.510551929473877","4.510551929473877"
"65700","3.753355026245117","3.753355026245117","3.753355026245117"
"65800","4.449940204620361","4.449940204620361","4.449940204620361"
"65900","4.452066898345947","4.452066898345947","4.452066898345947"
"66000","4.540511131286621","4.540511131286621","4.540511131286621"
"66100","4.226534843444824","4.226534843444824","4.226534843444824"
"66200","4.2209014892578125","4.2209014892578125","4.2209014892578125"
"66300","4.435806751251221","4.435806751251221","4.435806751251221"
"66400","4.4386420249938965","4.4386420249938965","4.4386420249938965"
"66500","4.374589443206787","4.374589443206787","4.374589443206787"
"66600","4.258204936981201","4.258204936981201","4.258204936981201"
"66700","4.419918060302734","4.419918060302734","4.419918060302734"
"66800","4.4614691734313965","4.4614691734313965","4.4614691734313965"
"66900","4.28439474105835","4.28439474105835","4.28439474105835"
"67000","4.17817497253418","4.17817497253418","4.17817497253418"
"67100","4.390778064727783","4.390778064727783","4.390778064727783"
"67200","4.320844650268555","4.320844650268555","4.320844650268555"
"67300","4.552380561828613","4.552380561828613","4.552380561828613"
"67400","4.416356563568115","4.416356563568115","4.416356563568115"
"67500","4.204633712768555","4.204633712768555","4.204633712768555"
"67600","4.418395042419434","4.418395042419434","4.418395042419434"
"67700","4.400240421295166","4.400240421295166","4.400240421295166"
"67800","4.394435405731201","4.394435405731201","4.394435405731201"
"67900","4.181331634521484","4.181331634521484","4.181331634521484"
"68000","4.3971734046936035","4.3971734046936035","4.3971734046936035"
"68100","4.436227798461914","4.436227798461914","4.436227798461914"
"68200","4.2997846603393555","4.2997846603393555","4.2997846603393555"
"68300","4.355724334716797","4.355724334716797","4.355724334716797"
"68400","4.41851806640625","4.41851806640625","4.41851806640625"
"68500","4.4599456787109375","4.4599456787109375","4.4599456787109375"
"68600","4.304731369018555","4.304731369018555","4.304731369018555"
"68700","4.454708099365234","4.454708099365234","4.454708099365234"
"68800","4.442673206329346","4.442673206329346","4.442673206329346"
"68900","4.349279403686523","4.349279403686523","4.349279403686523"
"69000","4.358449935913086","4.358449935913086","4.358449935913086"
"69100","4.260470390319824","4.260470390319824","4.260470390319824"
"69200","4.37489128112793","4.37489128112793","4.37489128112793"
"69300","4.474188327789307","4.474188327789307","4.474188327789307"
"69400","4.388746738433838","4.388746738433838","4.388746738433838"
"69500","4.391962051391602","4.391962051391602","4.391962051391602"
"69600","4.397403717041016","4.397403717041016","4.397403717041016"
"69700","4.4205827713012695","4.4205827713012695","4.4205827713012695"
"69800","4.477250099182129","4.477250099182129","4.477250099182129"
"69900","4.423163414001465","4.423163414001465","4.423163414001465"
"70000","4.418547630310059","4.418547630310059","4.418547630310059"
"70100","4.295337200164795","4.295337200164795","4.295337200164795"
"70200","4.399662971496582","4.399662971496582","4.399662971496582"
"70300","4.314571857452393","4.314571857452393","4.314571857452393"
"70400","4.3317551612854","4.3317551612854","4.3317551612854"
"70500","4.3630218505859375","4.3630218505859375","4.3630218505859375"
"70600","4.413959503173828","4.413959503173828","4.413959503173828"
"70700","4.34451961517334","4.34451961517334","4.34451961517334"
"70800","4.0844879150390625","4.0844879150390625","4.0844879150390625"
"70900","4.358761787414551","4.358761787414551","4.358761787414551"
"71000","4.4600958824157715","4.4600958824157715","4.4600958824157715"
"71100","4.420793056488037","4.420793056488037","4.420793056488037"
"71200","4.204217433929443","4.204217433929443","4.204217433929443"
"71300","4.392851829528809","4.392851829528809","4.392851829528809"
"71400","4.317676544189453","4.317676544189453","4.317676544189453"
"71500","4.076966762542725","4.076966762542725","4.076966762542725"
"71600","4.37781286239624","4.37781286239624","4.37781286239624"
"71700","4.387428283691406","4.387428283691406","4.387428283691406"
"71800","4.349173069000244","4.349173069000244","4.349173069000244"
"71900","4.4632158279418945","4.4632158279418945","4.4632158279418945"
"72000","4.192539691925049","4.192539691925049","4.192539691925049"
"72100","4.228485584259033","4.228485584259033","4.228485584259033"
"72200","4.283680438995361","4.283680438995361","4.283680438995361"
"72300","4.449074745178223","4.449074745178223","4.449074745178223"
"72400","4.437032699584961","4.437032699584961","4.437032699584961"
"72500","4.358730316162109","4.358730316162109","4.358730316162109"
"72600","4.2595953941345215","4.2595953941345215","4.2595953941345215"
"72700","4.363770484924316","4.363770484924316","4.363770484924316"
"72800","4.450621604919434","4.450621604919434","4.450621604919434"
"72900","4.414595603942871","4.414595603942871","4.414595603942871"
"73000","4.369540214538574","4.369540214538574","4.369540214538574"
"73100","4.425996780395508","4.425996780395508","4.425996780395508"
"73200","4.106561660766602","4.106561660766602","4.106561660766602"
"73300","4.316404819488525","4.316404819488525","4.316404819488525"
"73400","4.396607875823975","4.396607875823975","4.396607875823975"
"73500","4.481653690338135","4.481653690338135","4.481653690338135"
"73600","4.439629077911377","4.439629077911377","4.439629077911377"
"73700","4.439177989959717","4.439177989959717","4.439177989959717"
"73800","4.134757995605469","4.134757995605469","4.134757995605469"
"73900","4.447826862335205","4.447826862335205","4.447826862335205"
"74000","4.38923978805542","4.38923978805542","4.38923978805542"
"74100","4.223331451416016","4.223331451416016","4.223331451416016"
"74200","4.394822120666504","4.394822120666504","4.394822120666504"
"74300","4.304241180419922","4.304241180419922","4.304241180419922"
"74400","4.309324264526367","4.309324264526367","4.309324264526367"
"74500","4.263333797454834","4.263333797454834","4.263333797454834"
"74600","4.2021613121032715","4.2021613121032715","4.2021613121032715"
"74700","4.3502631187438965","4.3502631187438965","4.3502631187438965"
"74800","4.054998397827148","4.054998397827148","4.054998397827148"
"74900","4.410491466522217","4.410491466522217","4.410491466522217"
"75000","4.3474931716918945","4.3474931716918945","4.3474931716918945"
"75100","4.43527889251709","4.43527889251709","4.43527889251709"
"75200","4.344067573547363","4.344067573547363","4.344067573547363"
"75300","4.492911338806152","4.492911338806152","4.492911338806152"
"75400","3.9393041133880615","3.9393041133880615","3.9393041133880615"
"75500","4.197264671325684","4.197264671325684","4.197264671325684"
"75600","4.244245529174805","4.244245529174805","4.244245529174805"
"75700","4.396415710449219","4.396415710449219","4.396415710449219"
"75800","4.397432327270508","4.397432327270508","4.397432327270508"
"75900","4.430536270141602","4.430536270141602","4.430536270141602"
"76000","4.422944068908691","4.422944068908691","4.422944068908691"
"76100","4.373489856719971","4.373489856719971","4.373489856719971"
"76200","4.379326343536377","4.379326343536377","4.379326343536377"
"76300","4.212253570556641","4.212253570556641","4.212253570556641"
"76400","4.355113983154297","4.355113983154297","4.355113983154297"
"76500","4.00575590133667","4.00575590133667","4.00575590133667"
"76600","4.504728317260742","4.504728317260742","4.504728317260742"
"76700","4.369675636291504","4.369675636291504","4.369675636291504"
"76800","4.3925676345825195","4.3925676345825195","4.3925676345825195"
"76900","4.4369683265686035","4.4369683265686035","4.4369683265686035"
"77000","4.4250311851501465","4.4250311851501465","4.4250311851501465"
"77100","4.184516906738281","4.184516906738281","4.184516906738281"
"77200","4.134369373321533","4.134369373321533","4.134369373321533"
"77300","4.2322845458984375","4.2322845458984375","4.2322845458984375"
"77400","4.406493186950684","4.406493186950684","4.406493186950684"
"77500","4.365900993347168","4.365900993347168","4.365900993347168"
"77600","4.260955333709717","4.260955333709717","4.260955333709717"
"77700","4.399542808532715","4.399542808532715","4.399542808532715"
"77800","4.031257629394531","4.031257629394531","4.031257629394531"
"77900","4.381765365600586","4.381765365600586","4.381765365600586"
"78000","4.295578479766846","4.295578479766846","4.295578479766846"
"78100","4.34899377822876","4.34899377822876","4.34899377822876"
"78200","4.33899450302124","4.33899450302124","4.33899450302124"
"78300","4.396403789520264","4.396403789520264","4.396403789520264"
"78400","4.452620029449463","4.452620029449463","4.452620029449463"
"78500","4.454611301422119","4.454611301422119","4.454611301422119"
"78600","4.379700183868408","4.379700183868408","4.379700183868408"
"78700","4.187717437744141","4.187717437744141","4.187717437744141"
"78800","4.295516490936279","4.295516490936279","4.295516490936279"
"78900","4.38961935043335","4.38961935043335","4.38961935043335"
"79000","4.351545333862305","4.351545333862305","4.351545333862305"
"79100","4.379322528839111","4.379322528839111","4.379322528839111"
"79200","4.409473896026611","4.409473896026611","4.409473896026611"
"79300","4.312176704406738","4.312176704406738","4.312176704406738"
"79400","4.315854072570801","4.315854072570801","4.315854072570801"
"79500","4.266740798950195","4.266740798950195","4.266740798950195"
"79600","4.218912601470947","4.218912601470947","4.218912601470947"
"79700","4.3838114738464355","4.3838114738464355","4.3838114738464355"
"79800","4.419866561889648","4.419866561889648","4.419866561889648"
"79900","4.380739212036133","4.380739212036133","4.380739212036133"
"80000","4.313195705413818","4.313195705413818","4.313195705413818"
"80100","4.381159782409668","4.381159782409668","4.381159782409668"
"80200","4.198840618133545","4.198840618133545","4.198840618133545"
"80300","4.286756992340088","4.286756992340088","4.286756992340088"
"80400","4.326873302459717","4.326873302459717","4.326873302459717"
"80500","4.525426864624023","4.525426864624023","4.525426864624023"
"80600","4.3086957931518555","4.3086957931518555","4.3086957931518555"
"80700","4.29014253616333","4.29014253616333","4.29014253616333"
"80800","4.3089919090271","4.3089919090271","4.3089919090271"
"80900","4.4162397384643555","4.4162397384643555","4.4162397384643555"
"81000","4.379377365112305","4.379377365112305","4.379377365112305"
"81100","4.201761722564697","4.201761722564697","4.201761722564697"
"81200","3.9777579307556152","3.9777579307556152","3.9777579307556152"
"81300","4.097482681274414","4.097482681274414","4.097482681274414"
"81400","4.345841884613037","4.345841884613037","4.345841884613037"
"81500","4.22853422164917","4.22853422164917","4.22853422164917"
"81600","4.425154685974121","4.425154685974121","4.425154685974121"
"81700","4.350668430328369","4.350668430328369","4.350668430328369"
"81800","4.199126243591309","4.199126243591309","4.199126243591309"
"81900","4.322399139404297","4.322399139404297","4.322399139404297"
"82000","4.086419582366943","4.086419582366943","4.086419582366943"
"82100","4.400862693786621","4.400862693786621","4.400862693786621"
"82200","4.385235786437988","4.385235786437988","4.385235786437988"
"82300","4.1830620765686035","4.1830620765686035","4.1830620765686035"
"82400","4.470117568969727","4.470117568969727","4.470117568969727"
"82500","4.159881591796875","4.159881591796875","4.159881591796875"
"82600","4.368321418762207","4.368321418762207","4.368321418762207"
"82700","4.28721284866333","4.28721284866333","4.28721284866333"
"82800","4.3730292320251465","4.3730292320251465","4.3730292320251465"
"82900","4.344905853271484","4.344905853271484","4.344905853271484"
"83000","4.086868762969971","4.086868762969971","4.086868762969971"
"83100","4.392155170440674","4.392155170440674","4.392155170440674"
"83200","4.312950134277344","4.312950134277344","4.312950134277344"
"83300","4.404116153717041","4.404116153717041","4.404116153717041"
"83400","4.285746097564697","4.285746097564697","4.285746097564697"
"83500","4.1290435791015625","4.1290435791015625","4.1290435791015625"
"83600","4.177779197692871","4.177779197692871","4.177779197692871"
"83700","4.356084823608398","4.356084823608398","4.356084823608398"
"83800","4.387842178344727","4.387842178344727","4.387842178344727"
"83900","4.4087138175964355","4.4087138175964355","4.4087138175964355"
"84000","4.137716770172119","4.137716770172119","4.137716770172119"
"84100","4.23106575012207","4.23106575012207","4.23106575012207"
"84200","4.26718282699585","4.26718282699585","4.26718282699585"
"84300","4.309476852416992","4.309476852416992","4.309476852416992"
"84400","4.39169454574585","4.39169454574585","4.39169454574585"
"84500","4.219881534576416","4.219881534576416","4.219881534576416"
"84600","4.332739353179932","4.332739353179932","4.332739353179932"
"84700","4.377743721008301","4.377743721008301","4.377743721008301"
"84800","4.408809661865234","4.408809661865234","4.408809661865234"
"84900","4.354806423187256","4.354806423187256","4.354806423187256"
"85000","4.275229454040527","4.275229454040527","4.275229454040527"
"85100","3.9468178749084473","3.9468178749084473","3.9468178749084473"
"85200","4.382373332977295","4.382373332977295","4.382373332977295"
"85300","4.13627815246582","4.13627815246582","4.13627815246582"
"85400","4.325021743774414","4.325021743774414","4.325021743774414"
"85500","4.396953105926514","4.396953105926514","4.396953105926514"
"85600","4.175756454467773","4.175756454467773","4.175756454467773"
"85700","4.361936569213867","4.361936569213867","4.361936569213867"
"85800","4.33505392074585","4.33505392074585","4.33505392074585"
"85900","4.290230751037598","4.290230751037598","4.290230751037598"
"86000","4.348317623138428","4.348317623138428","4.348317623138428"
"86100","3.8491342067718506","3.8491342067718506","3.8491342067718506"
"86200","4.0713791847229","4.0713791847229","4.0713791847229"
"86300","4.396312713623047","4.396312713623047","4.396312713623047"
"86400","4.41032600402832","4.41032600402832","4.41032600402832"
"86500","4.369022369384766","4.369022369384766","4.369022369384766"
"86600","4.407753944396973","4.407753944396973","4.407753944396973"
"86700","4.1909379959106445","4.1909379959106445","4.1909379959106445"
"86800","4.362979888916016","4.362979888916016","4.362979888916016"
"86900","4.312729358673096","4.312729358673096","4.312729358673096"
"87000","4.335747718811035","4.335747718811035","4.335747718811035"
"87100","4.058550834655762","4.058550834655762","4.058550834655762"
"87200","4.183652877807617","4.183652877807617","4.183652877807617"
"87300","4.326837539672852","4.326837539672852","4.326837539672852"
"87400","4.330698490142822","4.330698490142822","4.330698490142822"
"87500","4.047986030578613","4.047986030578613","4.047986030578613"
"87600","4.2945942878723145","4.2945942878723145","4.2945942878723145"
"87700","4.094925880432129","4.094925880432129","4.094925880432129"
"87800","4.3028340339660645","4.3028340339660645","4.3028340339660645"
"87900","4.367851257324219","4.367851257324219","4.367851257324219"
"88000","4.362387657165527","4.362387657165527","4.362387657165527"
"88100","4.355586528778076","4.355586528778076","4.355586528778076"
"88200","4.282586574554443","4.282586574554443","4.282586574554443"
"88300","4.343266487121582","4.343266487121582","4.343266487121582"
"88400","4.3292107582092285","4.3292107582092285","4.3292107582092285"
"88500","4.349595069885254","4.349595069885254","4.349595069885254"
"88600","4.365075588226318","4.365075588226318","4.365075588226318"
"88700","4.355799674987793","4.355799674987793","4.355799674987793"
"88800","3.9664127826690674","3.9664127826690674","3.9664127826690674"
"88900","4.377364635467529","4.377364635467529","4.377364635467529"
"89000","4.061241626739502","4.061241626739502","4.061241626739502"
"89100","4.388419151306152","4.388419151306152","4.388419151306152"
"89200","4.229100227355957","4.229100227355957","4.229100227355957"
"89300","4.036675453186035","4.036675453186035","4.036675453186035"
"89400","4.383026123046875","4.383026123046875","4.383026123046875"
"89500","4.3517560958862305","4.3517560958862305","4.3517560958862305"
"89600","4.399460792541504","4.399460792541504","4.399460792541504"
"89700","4.302934646606445","4.302934646606445","4.302934646606445"
"89800","4.285142421722412","4.285142421722412","4.285142421722412"
"89900","4.282297134399414","4.282297134399414","4.282297134399414"
"90000","4.324911594390869","4.324911594390869","4.324911594390869"
"90100","4.302723407745361","4.302723407745361","4.302723407745361"
"90200","4.3814496994018555","4.3814496994018555","4.3814496994018555"
"90300","4.237668037414551","4.237668037414551","4.237668037414551"
"90400","4.372379779815674","4.372379779815674","4.372379779815674"
"90500","4.375374794006348","4.375374794006348","4.375374794006348"
"90600","4.295784950256348","4.295784950256348","4.295784950256348"
"90700","4.345536231994629","4.345536231994629","4.345536231994629"
"90800","4.314005374908447","4.314005374908447","4.314005374908447"
"90900","4.444080829620361","4.444080829620361","4.444080829620361"
"91000","4.397313594818115","4.397313594818115","4.397313594818115"
"91100","4.383224964141846","4.383224964141846","4.383224964141846"
"91200","4.309859752655029","4.309859752655029","4.309859752655029"
"91300","4.32511043548584","4.32511043548584","4.32511043548584"
"91400","4.371557235717773","4.371557235717773","4.371557235717773"
"91500","4.339434623718262","4.339434623718262","4.339434623718262"
"91600","4.116673946380615","4.116673946380615","4.116673946380615"
"91700","4.403639793395996","4.403639793395996","4.403639793395996"
"91800","4.361233711242676","4.361233711242676","4.361233711242676"
"91900","4.385910987854004","4.385910987854004","4.385910987854004"
"92000","4.371686935424805","4.371686935424805","4.371686935424805"
"92100","4.3520073890686035","4.3520073890686035","4.3520073890686035"
"92200","4.165747165679932","4.165747165679932","4.165747165679932"
"92300","4.21196174621582","4.21196174621582","4.21196174621582"
"92400","4.35722541809082","4.35722541809082","4.35722541809082"
"92500","3.924208402633667","3.924208402633667","3.924208402633667"
"92600","3.9397428035736084","3.9397428035736084","3.9397428035736084"
"92700","4.157298564910889","4.157298564910889","4.157298564910889"
"92800","4.326900482177734","4.326900482177734","4.326900482177734"
"92900","4.243671417236328","4.243671417236328","4.243671417236328"
"93000","4.354441165924072","4.354441165924072","4.354441165924072"
"93100","4.35189962387085","4.35189962387085","4.35189962387085"
"93200","4.222221851348877","4.222221851348877","4.222221851348877"
"93300","4.265000343322754","4.265000343322754","4.265000343322754"
"93400","4.343682289123535","4.343682289123535","4.343682289123535"
"93500","4.291346549987793","4.291346549987793","4.291346549987793"
"93600","4.317389488220215","4.317389488220215","4.317389488220215"
"93700","4.3479204177856445","4.3479204177856445","4.3479204177856445"
"93800","4.1913981437683105","4.1913981437683105","4.1913981437683105"
"93900","4.3008623123168945","4.3008623123168945","4.3008623123168945"
"94000","3.6686582565307617","3.6686582565307617","3.6686582565307617"
"94100","4.181978702545166","4.181978702545166","4.181978702545166"
"94200","4.3264312744140625","4.3264312744140625","4.3264312744140625"
"94300","4.168937683105469","4.168937683105469","4.168937683105469"
"94400","4.329598426818848","4.329598426818848","4.329598426818848"
"94500","4.321530818939209","4.321530818939209","4.321530818939209"
"94600","4.4173197746276855","4.4173197746276855","4.4173197746276855"
"94700","4.347270965576172","4.347270965576172","4.347270965576172"
"94800","4.347960472106934","4.347960472106934","4.347960472106934"
"94900","4.232501029968262","4.232501029968262","4.232501029968262"
"95000","4.099697589874268","4.099697589874268","4.099697589874268"
"95100","4.043108940124512","4.043108940124512","4.043108940124512"
"95200","4.334380149841309","4.334380149841309","4.334380149841309"
"95300","4.142058372497559","4.142058372497559","4.142058372497559"
"95400","4.290738105773926","4.290738105773926","4.290738105773926"
"95500","4.36760139465332","4.36760139465332","4.36760139465332"
"95600","4.324923038482666","4.324923038482666","4.324923038482666"
"95700","4.352499961853027","4.352499961853027","4.352499961853027"
"95800","4.347504138946533","4.347504138946533","4.347504138946533"
"95900","4.257513999938965","4.257513999938965","4.257513999938965"
"96000","4.374965667724609","4.374965667724609","4.374965667724609"
"96100","4.382293701171875","4.382293701171875","4.382293701171875"
"96200","4.017298221588135","4.017298221588135","4.017298221588135"
"96300","4.322736740112305","4.322736740112305","4.322736740112305"
"96400","4.3422393798828125","4.3422393798828125","4.3422393798828125"
"96500","4.216317176818848","4.216317176818848","4.216317176818848"
"96600","4.3442182540893555","4.3442182540893555","4.3442182540893555"
"96700","4.359848976135254","4.359848976135254","4.359848976135254"
"96800","4.41098165512085","4.41098165512085","4.41098165512085"
"96900","4.258670330047607","4.258670330047607","4.258670330047607"
"97000","4.3382039070129395","4.3382039070129395","4.3382039070129395"
"97100","4.321126937866211","4.321126937866211","4.321126937866211"
"97200","4.3520965576171875","4.3520965576171875","4.3520965576171875"
"97300","4.305878639221191","4.305878639221191","4.305878639221191"
"97400","4.220499515533447","4.220499515533447","4.220499515533447"
"97500","4.356004238128662","4.356004238128662","4.356004238128662"
"97600","4.270857810974121","4.270857810974121","4.270857810974121"
"97700","4.112813472747803","4.112813472747803","4.112813472747803"
"97800","4.133296489715576","4.133296489715576","4.133296489715576"
"97900","4.33965539932251","4.33965539932251","4.33965539932251"
"98000","4.294556617736816","4.294556617736816","4.294556617736816"
"98100","4.148179054260254","4.148179054260254","4.148179054260254"
"98200","3.970672369003296","3.970672369003296","3.970672369003296"
"98300","4.334489822387695","4.334489822387695","4.334489822387695"
"98400","4.338832855224609","4.338832855224609","4.338832855224609"
"98500","4.2508111000061035","4.2508111000061035","4.2508111000061035"
"98600","4.384230613708496","4.384230613708496","4.384230613708496"
"98700","4.268398761749268","4.268398761749268","4.268398761749268"
"98800","4.416984558105469","4.416984558105469","4.416984558105469"
"98900","4.375946044921875","4.375946044921875","4.375946044921875"
"99000","4.252116680145264","4.252116680145264","4.252116680145264"
"99100","4.0412774085998535","4.0412774085998535","4.0412774085998535"
"99200","4.342653274536133","4.342653274536133","4.342653274536133"
"99300","4.233710765838623","4.233710765838623","4.233710765838623"
"99400","4.311168670654297","4.311168670654297","4.311168670654297"
"99500","4.3637847900390625","4.3637847900390625","4.3637847900390625"
"99600","3.9138450622558594","3.9138450622558594","3.9138450622558594"
"99700","4.332034111022949","4.332034111022949","4.332034111022949"
"99800","4.257140159606934","4.257140159606934","4.257140159606934"
"99900","4.362178802490234","4.362178802490234","4.362178802490234"
"100000","4.33933162689209","4.33933162689209","4.33933162689209"