"Step","tpt - loss","tpt - loss__MIN","tpt - loss__MAX"
"100","9.100444793701172","9.100444793701172","9.100444793701172"
"200","8.234013557434082","8.234013557434082","8.234013557434082"
"300","7.301971912384033","7.301971912384033","7.301971912384033"
"400","7.933414459228516","7.933414459228516","7.933414459228516"
"500","8.204498291015625","8.204498291015625","8.204498291015625"
"600","7.131638050079346","7.131638050079346","7.131638050079346"
"700","6.74337911605835","6.74337911605835","6.74337911605835"
"800","6.555356025695801","6.555356025695801","6.555356025695801"
"900","6.4888458251953125","6.4888458251953125","6.4888458251953125"
"1000","6.069382667541504","6.069382667541504","6.069382667541504"
"1100","6.200267314910889","6.200267314910889","6.200267314910889"
"1200","6.078648090362549","6.078648090362549","6.078648090362549"
"1300","6.261879920959473","6.261879920959473","6.261879920959473"
"1400","5.97538948059082","5.97538948059082","5.97538948059082"
"1500","5.785732269287109","5.785732269287109","5.785732269287109"
"1600","5.870375156402588","5.870375156402588","5.870375156402588"
"1700","6.010192394256592","6.010192394256592","6.010192394256592"
"1800","5.595561981201172","5.595561981201172","5.595561981201172"
"1900","5.637156963348389","5.637156963348389","5.637156963348389"
"2000","5.88422155380249","5.88422155380249","5.88422155380249"
"2100","5.687838077545166","5.687838077545166","5.687838077545166"
"2200","5.696334362030029","5.696334362030029","5.696334362030029"
"2300","5.400022506713867","5.400022506713867","5.400022506713867"
"2400","5.674581050872803","5.674581050872803","5.674581050872803"
"2500","5.539266109466553","5.539266109466553","5.539266109466553"
"2600","5.4341959953308105","5.4341959953308105","5.4341959953308105"
"2700","5.184786796569824","5.184786796569824","5.184786796569824"
"2800","5.395489692687988","5.395489692687988","5.395489692687988"
"2900","5.676609039306641","5.676609039306641","5.676609039306641"
"3000","5.3582682609558105","5.3582682609558105","5.3582682609558105"
"3100","5.487257957458496","5.487257957458496","5.487257957458496"
"3200","5.362466812133789","5.362466812133789","5.362466812133789"
"3300","5.1437788009643555","5.1437788009643555","5.1437788009643555"
"3400","5.120389461517334","5.120389461517334","5.120389461517334"
"3500","5.142374038696289","5.142374038696289","5.142374038696289"
"3600","5.085353851318359","5.085353851318359","5.085353851318359"
"3700","5.313290119171143","5.313290119171143","5.313290119171143"
"3800","5.113651275634766","5.113651275634766","5.113651275634766"
"3900","5.068753719329834","5.068753719329834","5.068753719329834"
"4000","4.97993278503418","4.97993278503418","4.97993278503418"
"4100","5.061651229858398","5.061651229858398","5.061651229858398"
"4200","5.409492492675781","5.409492492675781","5.409492492675781"
"4300","5.175940036773682","5.175940036773682","5.175940036773682"
"4400","4.979715347290039","4.979715347290039","4.979715347290039"
"4500","5.150270462036133","5.150270462036133","5.150270462036133"
"4600","4.990931987762451","4.990931987762451","4.990931987762451"
"4700","4.9559736251831055","4.9559736251831055","4.9559736251831055"
"4800","5.076476573944092","5.076476573944092","5.076476573944092"
"4900","5.144555568695068","5.144555568695068","5.144555568695068"
"5000","5.007618427276611","5.007618427276611","5.007618427276611"
"5100","4.736597537994385","4.736597537994385","4.736597537994385"
"5200","4.999207496643066","4.999207496643066","4.999207496643066"
"5300","4.847594738006592","4.847594738006592","4.847594738006592"
"5400","5.107426643371582","5.107426643371582","5.107426643371582"
"5500","4.865590572357178","4.865590572357178","4.865590572357178"
"5600","5.062095642089844","5.062095642089844","5.062095642089844"
"5700","4.646944999694824","4.646944999694824","4.646944999694824"
"5800","5.036647796630859","5.036647796630859","5.036647796630859"
"5900","4.918639183044434","4.918639183044434","4.918639183044434"
"6000","4.88340950012207","4.88340950012207","4.88340950012207"
"6100","4.90639591217041","4.90639591217041","4.90639591217041"
"6200","4.898861885070801","4.898861885070801","4.898861885070801"
"6300","4.953052043914795","4.953052043914795","4.953052043914795"
"6400","4.809431076049805","4.809431076049805","4.809431076049805"
"6500","4.722755432128906","4.722755432128906","4.722755432128906"
"6600","4.832302093505859","4.832302093505859","4.832302093505859"
"6700","4.829174995422363","4.829174995422363","4.829174995422363"
"6800","5.0085649490356445","5.0085649490356445","5.0085649490356445"
"6900","4.816201210021973","4.816201210021973","4.816201210021973"
"7000","4.897712707519531","4.897712707519531","4.897712707519531"
"7100","4.9084153175354","4.9084153175354","4.9084153175354"
"7200","4.608017444610596","4.608017444610596","4.608017444610596"
"7300","4.654127597808838","4.654127597808838","4.654127597808838"
"7400","4.897658348083496","4.897658348083496","4.897658348083496"
"7500","4.79679012298584","4.79679012298584","4.79679012298584"
"7600","5.002838134765625","5.002838134765625","5.002838134765625"
"7700","4.7190141677856445","4.7190141677856445","4.7190141677856445"
"7800","4.8312554359436035","4.8312554359436035","4.8312554359436035"
"7900","4.864687442779541","4.864687442779541","4.864687442779541"
"8000","4.696117401123047","4.696117401123047","4.696117401123047"
"8100","4.804525375366211","4.804525375366211","4.804525375366211"
"8200","4.532059669494629","4.532059669494629","4.532059669494629"
"8300","4.706088542938232","4.706088542938232","4.706088542938232"
"8400","4.770203590393066","4.770203590393066","4.770203590393066"
"8500","4.772936820983887","4.772936820983887","4.772936820983887"
"8600","4.733419895172119","4.733419895172119","4.733419895172119"
"8700","4.739682674407959","4.739682674407959","4.739682674407959"
"8800","4.781967639923096","4.781967639923096","4.781967639923096"
"8900","4.69301176071167","4.69301176071167","4.69301176071167"
"9000","4.73041296005249","4.73041296005249","4.73041296005249"
"9100","4.700432777404785","4.700432777404785","4.700432777404785"
"9200","4.7943925857543945","4.7943925857543945","4.7943925857543945"
"9300","4.767982482910156","4.767982482910156","4.767982482910156"
"9400","4.714145183563232","4.714145183563232","4.714145183563232"
"9500","4.763361930847168","4.763361930847168","4.763361930847168"
"9600","4.750017166137695","4.750017166137695","4.750017166137695"
"9700","4.794143199920654","4.794143199920654","4.794143199920654"
"9800","4.523111820220947","4.523111820220947","4.523111820220947"
"9900","4.714844226837158","4.714844226837158","4.714844226837158"
"10000","4.249021530151367","4.249021530151367","4.249021530151367"
"10100","4.670431613922119","4.670431613922119","4.670431613922119"
"10200","4.6074299812316895","4.6074299812316895","4.6074299812316895"
"10300","4.610619068145752","4.610619068145752","4.610619068145752"
"10400","4.742199420928955","4.742199420928955","4.742199420928955"
"10500","4.586374282836914","4.586374282836914","4.586374282836914"
"10600","4.7622809410095215","4.7622809410095215","4.7622809410095215"
"10700","4.708610534667969","4.708610534667969","4.708610534667969"
"10800","4.729999542236328","4.729999542236328","4.729999542236328"
"10900","4.621491432189941","4.621491432189941","4.621491432189941"
"11000","4.743636608123779","4.743636608123779","4.743636608123779"
"11100","4.2754902839660645","4.2754902839660645","4.2754902839660645"
"11200","4.417423725128174","4.417423725128174","4.417423725128174"
"11300","4.58860445022583","4.58860445022583","4.58860445022583"
"11400","4.664519309997559","4.664519309997559","4.664519309997559"
"11500","4.656294345855713","4.656294345855713","4.656294345855713"
"11600","4.625593662261963","4.625593662261963","4.625593662261963"
"11700","4.7433013916015625","4.7433013916015625","4.7433013916015625"
"11800","4.566188812255859","4.566188812255859","4.566188812255859"
"11900","4.440799713134766","4.440799713134766","4.440799713134766"
"12000","4.628671169281006","4.628671169281006","4.628671169281006"
"12100","4.434711456298828","4.434711456298828","4.434711456298828"
"12200","4.568607807159424","4.568607807159424","4.568607807159424"
"12300","4.603638648986816","4.603638648986816","4.603638648986816"
"12400","4.565692901611328","4.565692901611328","4.565692901611328"
"12500","4.437477111816406","4.437477111816406","4.437477111816406"
"12600","4.505640983581543","4.505640983581543","4.505640983581543"
"12700","4.458638668060303","4.458638668060303","4.458638668060303"
"12800","4.679394721984863","4.679394721984863","4.679394721984863"
"12900","4.613461017608643","4.613461017608643","4.613461017608643"
"13000","4.603838920593262","4.603838920593262","4.603838920593262"
"13100","4.498996734619141","4.498996734619141","4.498996734619141"
"13200","4.570315837860107","4.570315837860107","4.570315837860107"
"13300","4.5537190437316895","4.5537190437316895","4.5537190437316895"
"13400","4.300942420959473","4.300942420959473","4.300942420959473"
"13500","4.413187026977539","4.413187026977539","4.413187026977539"
"13600","4.542526721954346","4.542526721954346","4.542526721954346"
"13700","4.480685710906982","4.480685710906982","4.480685710906982"
"13800","4.48555326461792","4.48555326461792","4.48555326461792"
"13900","4.345457553863525","4.345457553863525","4.345457553863525"
"14000","4.317839622497559","4.317839622497559","4.317839622497559"
"14100","4.337771415710449","4.337771415710449","4.337771415710449"
"14200","4.296289920806885","4.296289920806885","4.296289920806885"
"14300","4.498043060302734","4.498043060302734","4.498043060302734"
"14400","4.434994697570801","4.434994697570801","4.434994697570801"
"14500","4.408157825469971","4.408157825469971","4.408157825469971"
"14600","4.487439155578613","4.487439155578613","4.487439155578613"
"14700","4.360385417938232","4.360385417938232","4.360385417938232"
"14800","4.380702972412109","4.380702972412109","4.380702972412109"
"14900","4.465557098388672","4.465557098388672","4.465557098388672"
"15000","4.391288757324219","4.391288757324219","4.391288757324219"
"15100","4.183032989501953","4.183032989501953","4.183032989501953"
"15200","4.434041976928711","4.434041976928711","4.434041976928711"
"15300","4.462608337402344","4.462608337402344","4.462608337402344"
"15400","4.45461368560791","4.45461368560791","4.45461368560791"
"15500","4.324718475341797","4.324718475341797","4.324718475341797"
"15600","4.466673851013184","4.466673851013184","4.466673851013184"
"15700","4.473513126373291","4.473513126373291","4.473513126373291"
"15800","4.560193061828613","4.560193061828613","4.560193061828613"
"15900","4.242319107055664","4.242319107055664","4.242319107055664"
"16000","4.448401927947998","4.448401927947998","4.448401927947998"
"16100","4.240634918212891","4.240634918212891","4.240634918212891"
"16200","4.408877372741699","4.408877372741699","4.408877372741699"
"16300","4.2553019523620605","4.2553019523620605","4.2553019523620605"
"16400","4.372489929199219","4.372489929199219","4.372489929199219"
"16500","4.461065292358398","4.461065292358398","4.461065292358398"
"16600","4.337212085723877","4.337212085723877","4.337212085723877"
"16700","4.159426689147949","4.159426689147949","4.159426689147949"
"16800","4.40718936920166","4.40718936920166","4.40718936920166"
"16900","4.257656574249268","4.257656574249268","4.257656574249268"
"17000","4.4009575843811035","4.4009575843811035","4.4009575843811035"
"17100","4.283900260925293","4.283900260925293","4.283900260925293"
"17200","4.445537567138672","4.445537567138672","4.445537567138672"
"17300","4.436828136444092","4.436828136444092","4.436828136444092"
"17400","4.288064956665039","4.288064956665039","4.288064956665039"
"17500","4.283155918121338","4.283155918121338","4.283155918121338"
"17600","4.281612396240234","4.281612396240234","4.281612396240234"
"17700","4.403964996337891","4.403964996337891","4.403964996337891"
"17800","4.187403678894043","4.187403678894043","4.187403678894043"
"17900","4.4141693115234375","4.4141693115234375","4.4141693115234375"
"18000","4.297848224639893","4.297848224639893","4.297848224639893"
"18100","4.395269393920898","4.395269393920898","4.395269393920898"
"18200","4.4227094650268555","4.4227094650268555","4.4227094650268555"
"18300","4.367008686065674","4.367008686065674","4.367008686065674"
"18400","4.444524765014648","4.444524765014648","4.444524765014648"
"18500","4.366191864013672","4.366191864013672","4.366191864013672"
"18600","4.360773086547852","4.360773086547852","4.360773086547852"
"18700","4.3375420570373535","4.3375420570373535","4.3375420570373535"
"18800","4.281891345977783","4.281891345977783","4.281891345977783"
"18900","4.397130966186523","4.397130966186523","4.397130966186523"
"19000","4.233849048614502","4.233849048614502","4.233849048614502"
"19100","4.236782550811768","4.236782550811768","4.236782550811768"
"19200","4.3978271484375","4.3978271484375","4.3978271484375"
"19300","4.130302429199219","4.130302429199219","4.130302429199219"
"19400","4.182474136352539","4.182474136352539","4.182474136352539"
"19500","4.2642951011657715","4.2642951011657715","4.2642951011657715"
"19600","4.189060211181641","4.189060211181641","4.189060211181641"
"19700","4.301916122436523","4.301916122436523","4.301916122436523"
"19800","4.3104143142700195","4.3104143142700195","4.3104143142700195"
"19900","4.341891288757324","4.341891288757324","4.341891288757324"
"20000","4.277441501617432","4.277441501617432","4.277441501617432"
"20100","4.272327899932861","4.272327899932861","4.272327899932861"
"20200","4.033664226531982","4.033664226531982","4.033664226531982"
"20300","4.1188459396362305","4.1188459396362305","4.1188459396362305"
"20400","4.357588768005371","4.357588768005371","4.357588768005371"
"20500","4.266417503356934","4.266417503356934","4.266417503356934"
"20600","4.309255599975586","4.309255599975586","4.309255599975586"
"20700","4.123539924621582","4.123539924621582","4.123539924621582"
"20800","4.185726642608643","4.185726642608643","4.185726642608643"
"20900","4.288379192352295","4.288379192352295","4.288379192352295"
"21000","4.375948905944824","4.375948905944824","4.375948905944824"
"21100","4.232926368713379","4.232926368713379","4.232926368713379"
"21200","4.393805503845215","4.393805503845215","4.393805503845215"
"21300","4.339879035949707","4.339879035949707","4.339879035949707"
"21400","4.180030345916748","4.180030345916748","4.180030345916748"
"21500","4.271585464477539","4.271585464477539","4.271585464477539"
"21600","4.082735538482666","4.082735538482666","4.082735538482666"
"21700","4.298231601715088","4.298231601715088","4.298231601715088"
"21800","4.3660783767700195","4.3660783767700195","4.3660783767700195"
"21900","4.197685718536377","4.197685718536377","4.197685718536377"
"22000","4.306880474090576","4.306880474090576","4.306880474090576"
"22100","4.258935928344727","4.258935928344727","4.258935928344727"
"22200","4.258955478668213","4.258955478668213","4.258955478668213"
"22300","4.293127059936523","4.293127059936523","4.293127059936523"
"22400","4.186084270477295","4.186084270477295","4.186084270477295"
"22500","4.242368698120117","4.242368698120117","4.242368698120117"
"22600","4.311241626739502","4.311241626739502","4.311241626739502"
"22700","4.2885308265686035","4.2885308265686035","4.2885308265686035"
"22800","4.091460227966309","4.091460227966309","4.091460227966309"
"22900","4.128174304962158","4.128174304962158","4.128174304962158"
"23000","4.003103256225586","4.003103256225586","4.003103256225586"
"23100","4.319520950317383","4.319520950317383","4.319520950317383"
"23200","4.31512451171875","4.31512451171875","4.31512451171875"
"23300","4.20631742477417","4.20631742477417","4.20631742477417"
"23400","4.253027439117432","4.253027439117432","4.253027439117432"
"23500","4.2287187576293945","4.2287187576293945","4.2287187576293945"
"23600","4.202153205871582","4.202153205871582","4.202153205871582"
"23700","4.310360908508301","4.310360908508301","4.310360908508301"
"23800","4.200353145599365","4.200353145599365","4.200353145599365"
"23900","4.127686977386475","4.127686977386475","4.127686977386475"
"24000","4.2845611572265625","4.2845611572265625","4.2845611572265625"
"24100","4.115505695343018","4.115505695343018","4.115505695343018"
"24200","4.1538190841674805","4.1538190841674805","4.1538190841674805"
"24300","4.294151306152344","4.294151306152344","4.294151306152344"
"24400","4.1801438331604","4.1801438331604","4.1801438331604"
"24500","4.261416912078857","4.261416912078857","4.261416912078857"
"24600","4.208673477172852","4.208673477172852","4.208673477172852"
"24700","4.20156717300415","4.20156717300415","4.20156717300415"
"24800","4.255975723266602","4.255975723266602","4.255975723266602"
"24900","4.267754077911377","4.267754077911377","4.267754077911377"
"25000","4.168879508972168","4.168879508972168","4.168879508972168"
"25100","4.30203104019165","4.30203104019165","4.30203104019165"
"25200","4.17110013961792","4.17110013961792","4.17110013961792"
"25300","3.948382616043091","3.948382616043091","3.948382616043091"
"25400","4.0140509605407715","4.0140509605407715","4.0140509605407715"
"25500","4.125906467437744","4.125906467437744","4.125906467437744"
"25600","4.208662986755371","4.208662986755371","4.208662986755371"
"25700","4.214953899383545","4.214953899383545","4.214953899383545"
"25800","4.031558036804199","4.031558036804199","4.031558036804199"
"25900","4.230841159820557","4.230841159820557","4.230841159820557"
"26000","4.258254051208496","4.258254051208496","4.258254051208496"
"26100","4.3055877685546875","4.3055877685546875","4.3055877685546875"
"26200","4.18007230758667","4.18007230758667","4.18007230758667"
"26300","3.8718063831329346","3.8718063831329346","3.8718063831329346"
"26400","4.267815113067627","4.267815113067627","4.267815113067627"
"26500","4.162524223327637","4.162524223327637","4.162524223327637"
"26600","4.178279876708984","4.178279876708984","4.178279876708984"
"26700","4.320357799530029","4.320357799530029","4.320357799530029"
"26800","4.091689109802246","4.091689109802246","4.091689109802246"
"26900","4.196302890777588","4.196302890777588","4.196302890777588"
"27000","4.191437244415283","4.191437244415283","4.191437244415283"
"27100","4.250273704528809","4.250273704528809","4.250273704528809"
"27200","3.9899144172668457","3.9899144172668457","3.9899144172668457"
"27300","4.1920599937438965","4.1920599937438965","4.1920599937438965"
"27400","4.212319374084473","4.212319374084473","4.212319374084473"
"27500","4.291447162628174","4.291447162628174","4.291447162628174"
"27600","4.108929634094238","4.108929634094238","4.108929634094238"
"27700","4.037540912628174","4.037540912628174","4.037540912628174"
"27800","4.149319648742676","4.149319648742676","4.149319648742676"
"27900","4.118190288543701","4.118190288543701","4.118190288543701"
"28000","4.196558952331543","4.196558952331543","4.196558952331543"
"28100","4.197971343994141","4.197971343994141","4.197971343994141"
"28200","4.213596820831299","4.213596820831299","4.213596820831299"
"28300","4.2666707038879395","4.2666707038879395","4.2666707038879395"
"28400","4.317616939544678","4.317616939544678","4.317616939544678"
"28500","4.129063129425049","4.129063129425049","4.129063129425049"
"28600","4.234504222869873","4.234504222869873","4.234504222869873"
"28700","4.215816497802734","4.215816497802734","4.215816497802734"
"28800","4.166617393493652","4.166617393493652","4.166617393493652"
"28900","4.033792018890381","4.033792018890381","4.033792018890381"
"29000","3.949812412261963","3.949812412261963","3.949812412261963"
"29100","4.292558193206787","4.292558193206787","4.292558193206787"
"29200","4.242013931274414","4.242013931274414","4.242013931274414"
"29300","4.199947834014893","4.199947834014893","4.199947834014893"
"29400","4.141647815704346","4.141647815704346","4.141647815704346"
"29500","4.184062957763672","4.184062957763672","4.184062957763672"
"29600","4.1907854080200195","4.1907854080200195","4.1907854080200195"
"29700","4.16512393951416","4.16512393951416","4.16512393951416"
"29800","4.143742084503174","4.143742084503174","4.143742084503174"
"29900","4.176395893096924","4.176395893096924","4.176395893096924"
"30000","4.255544185638428","4.255544185638428","4.255544185638428"
"30100","4.048887252807617","4.048887252807617","4.048887252807617"
"30200","4.217228889465332","4.217228889465332","4.217228889465332"
"30300","4.015458583831787","4.015458583831787","4.015458583831787"
"30400","4.216848850250244","4.216848850250244","4.216848850250244"
"30500","4.13495397567749","4.13495397567749","4.13495397567749"
"30600","4.224011421203613","4.224011421203613","4.224011421203613"
"30700","4.219682693481445","4.219682693481445","4.219682693481445"
"30800","4.266578674316406","4.266578674316406","4.266578674316406"
"30900","4.185781955718994","4.185781955718994","4.185781955718994"
"31000","4.0482940673828125","4.0482940673828125","4.0482940673828125"
"31100","4.175930500030518","4.175930500030518","4.175930500030518"
"31200","4.236573696136475","4.236573696136475","4.236573696136475"
"31300","3.994318723678589","3.994318723678589","3.994318723678589"
"31400","4.2259345054626465","4.2259345054626465","4.2259345054626465"
"31500","4.041077613830566","4.041077613830566","4.041077613830566"
"31600","4.144543170928955","4.144543170928955","4.144543170928955"
"31700","4.17844820022583","4.17844820022583","4.17844820022583"
"31800","4.104717254638672","4.104717254638672","4.104717254638672"
"31900","4.144184112548828","4.144184112548828","4.144184112548828"
"32000","4.181931972503662","4.181931972503662","4.181931972503662"
"32100","4.150467395782471","4.150467395782471","4.150467395782471"
"32200","4.148406982421875","4.148406982421875","4.148406982421875"
"32300","4.161669731140137","4.161669731140137","4.161669731140137"
"32400","3.9249229431152344","3.9249229431152344","3.9249229431152344"
"32500","4.046255111694336","4.046255111694336","4.046255111694336"
"32600","4.224119186401367","4.224119186401367","4.224119186401367"
"32700","3.995480537414551","3.995480537414551","3.995480537414551"
"32800","4.199531555175781","4.199531555175781","4.199531555175781"
"32900","4.143601894378662","4.143601894378662","4.143601894378662"
"33000","4.143171787261963","4.143171787261963","4.143171787261963"
"33100","4.117403030395508","4.117403030395508","4.117403030395508"
"33200","4.183896064758301","4.183896064758301","4.183896064758301"
"33300","3.941878080368042","3.941878080368042","3.941878080368042"
"33400","4.184919834136963","4.184919834136963","4.184919834136963"
"33500","4.0318684577941895","4.0318684577941895","4.0318684577941895"
"33600","3.964745044708252","3.964745044708252","3.964745044708252"
"33700","4.055800437927246","4.055800437927246","4.055800437927246"
"33800","4.091696739196777","4.091696739196777","4.091696739196777"
"33900","4.179976940155029","4.179976940155029","4.179976940155029"
"34000","4.128973484039307","4.128973484039307","4.128973484039307"
"34100","4.057548999786377","4.057548999786377","4.057548999786377"
"34200","3.9763729572296143","3.9763729572296143","3.9763729572296143"
"34300","4.12464714050293","4.12464714050293","4.12464714050293"
"34400","4.194579601287842","4.194579601287842","4.194579601287842"
"34500","4.014490604400635","4.014490604400635","4.014490604400635"
"34600","4.148342132568359","4.148342132568359","4.148342132568359"
"34700","4.231372833251953","4.231372833251953","4.231372833251953"
"34800","4.14530611038208","4.14530611038208","4.14530611038208"
"34900","4.033367156982422","4.033367156982422","4.033367156982422"
"35000","4.097212314605713","4.097212314605713","4.097212314605713"
"35100","4.084774494171143","4.084774494171143","4.084774494171143"
"35200","4.159432411193848","4.159432411193848","4.159432411193848"
"35300","3.998337745666504","3.998337745666504","3.998337745666504"
"35400","3.8268685340881348","3.8268685340881348","3.8268685340881348"
"35500","3.9366049766540527","3.9366049766540527","3.9366049766540527"
"35600","4.201982021331787","4.201982021331787","4.201982021331787"
"35700","4.098301410675049","4.098301410675049","4.098301410675049"
"35800","4.204152584075928","4.204152584075928","4.204152584075928"
"35900","4.079209804534912","4.079209804534912","4.079209804534912"
"36000","4.180015563964844","4.180015563964844","4.180015563964844"
"36100","4.106635570526123","4.106635570526123","4.106635570526123"
"36200","4.138572692871094","4.138572692871094","4.138572692871094"
"36300","4.153115749359131","4.153115749359131","4.153115749359131"
"36400","4.096625328063965","4.096625328063965","4.096625328063965"
"36500","4.148726940155029","4.148726940155029","4.148726940155029"
"36600","4.185512542724609","4.185512542724609","4.185512542724609"
"36700","4.012948989868164","4.012948989868164","4.012948989868164"
"36800","4.127671241760254","4.127671241760254","4.127671241760254"
"36900","4.162813186645508","4.162813186645508","4.162813186645508"
"37000","4.179944038391113","4.179944038391113","4.179944038391113"
"37100","4.200694561004639","4.200694561004639","4.200694561004639"
"37200","4.1652679443359375","4.1652679443359375","4.1652679443359375"
"37300","4.025137424468994","4.025137424468994","4.025137424468994"
"37400","4.134920120239258","4.134920120239258","4.134920120239258"
"37500","4.047850131988525","4.047850131988525","4.047850131988525"
"37600","4.255000591278076","4.255000591278076","4.255000591278076"
"37700","4.139747619628906","4.139747619628906","4.139747619628906"
"37800","4.061532974243164","4.061532974243164","4.061532974243164"
"37900","4.104430675506592","4.104430675506592","4.104430675506592"
"38000","3.657928466796875","3.657928466796875","3.657928466796875"
"38100","4.109563827514648","4.109563827514648","4.109563827514648"
"38200","4.106805801391602","4.106805801391602","4.106805801391602"
"38300","4.037884712219238","4.037884712219238","4.037884712219238"
"38400","4.043990612030029","4.043990612030029","4.043990612030029"
"38500","3.9484620094299316","3.9484620094299316","3.9484620094299316"
"38600","3.973306655883789","3.973306655883789","3.973306655883789"
"38700","4.108821392059326","4.108821392059326","4.108821392059326"
"38800","4.186344623565674","4.186344623565674","4.186344623565674"
"38900","4.130976676940918","4.130976676940918","4.130976676940918"
"39000","4.164177417755127","4.164177417755127","4.164177417755127"
"39100","4.150000095367432","4.150000095367432","4.150000095367432"
"39200","4.063609600067139","4.063609600067139","4.063609600067139"
"39300","4.122086048126221","4.122086048126221","4.122086048126221"
"39400","3.991086006164551","3.991086006164551","3.991086006164551"
"39500","3.911898612976074","3.911898612976074","3.911898612976074"
"39600","4.114509105682373","4.114509105682373","4.114509105682373"
"39700","4.108137607574463","4.108137607574463","4.108137607574463"
"39800","4.132126808166504","4.132126808166504","4.132126808166504"
"39900","4.16385555267334","4.16385555267334","4.16385555267334"
"40000","4.207387924194336","4.207387924194336","4.207387924194336"
"40100","3.7609353065490723","3.7609353065490723","3.7609353065490723"
"40200","4.160220623016357","4.160220623016357","4.160220623016357"
"40300","4.072432041168213","4.072432041168213","4.072432041168213"
"40400","4.086738586425781","4.086738586425781","4.086738586425781"
"40500","3.8305277824401855","3.8305277824401855","3.8305277824401855"
"40600","4.127475738525391","4.127475738525391","4.127475738525391"
"40700","4.077618598937988","4.077618598937988","4.077618598937988"
"40800","4.074845790863037","4.074845790863037","4.074845790863037"
"40900","4.20469331741333","4.20469331741333","4.20469331741333"
"41000","4.12314510345459","4.12314510345459","4.12314510345459"
"41100","4.159477233886719","4.159477233886719","4.159477233886719"
"41200","4.129786968231201","4.129786968231201","4.129786968231201"
"41300","4.037472724914551","4.037472724914551","4.037472724914551"
"41400","4.088604927062988","4.088604927062988","4.088604927062988"
"41500","4.066229820251465","4.066229820251465","4.066229820251465"
"41600","4.049657821655273","4.049657821655273","4.049657821655273"
"41700","3.8145580291748047","3.8145580291748047","3.8145580291748047"
"41800","3.900423049926758","3.900423049926758","3.900423049926758"
"41900","4.167512893676758","4.167512893676758","4.167512893676758"
"42000","4.089287281036377","4.089287281036377","4.089287281036377"
"42100","3.8789379596710205","3.8789379596710205","3.8789379596710205"
"42200","4.070104598999023","4.070104598999023","4.070104598999023"
"42300","4.08814811706543","4.08814811706543","4.08814811706543"
"42400","4.109561920166016","4.109561920166016","4.109561920166016"
"42500","4.090475559234619","4.090475559234619","4.090475559234619"
"42600","4.115769863128662","4.115769863128662","4.115769863128662"
"42700","4.0709333419799805","4.0709333419799805","4.0709333419799805"
"42800","4.063506126403809","4.063506126403809","4.063506126403809"
"42900","3.9145700931549072","3.9145700931549072","3.9145700931549072"
"43000","4.108314037322998","4.108314037322998","4.108314037322998"
"43100","4.064264297485352","4.064264297485352","4.064264297485352"
"43200","3.8527092933654785","3.8527092933654785","3.8527092933654785"
"43300","3.967576742172241","3.967576742172241","3.967576742172241"
"43400","4.14679479598999","4.14679479598999","4.14679479598999"
"43500","4.003637313842773","4.003637313842773","4.003637313842773"
"43600","3.98245906829834","3.98245906829834","3.98245906829834"
"43700","4.124415397644043","4.124415397644043","4.124415397644043"
"43800","3.794800043106079","3.794800043106079","3.794800043106079"
"43900","4.128275394439697","4.128275394439697","4.128275394439697"
"44000","4.141001224517822","4.141001224517822","4.141001224517822"
"44100","4.035830497741699","4.035830497741699","4.035830497741699"
"44200","4.010194301605225","4.010194301605225","4.010194301605225"
"44300","3.9269778728485107","3.9269778728485107","3.9269778728485107"
"44400","4.0857696533203125","4.0857696533203125","4.0857696533203125"
"44500","3.966399669647217","3.966399669647217","3.966399669647217"
"44600","3.9216930866241455","3.9216930866241455","3.9216930866241455"
"44700","4.043623924255371","4.043623924255371","4.043623924255371"
"44800","3.840588092803955","3.840588092803955","3.840588092803955"
"44900","3.9450631141662598","3.9450631141662598","3.9450631141662598"
"45000","3.701758861541748","3.701758861541748","3.701758861541748"
"45100","4.021389961242676","4.021389961242676","4.021389961242676"
"45200","4.0196075439453125","4.0196075439453125","4.0196075439453125"
"45300","4.045566558837891","4.045566558837891","4.045566558837891"
"45400","4.186951637268066","4.186951637268066","4.186951637268066"
"45500","4.067677974700928","4.067677974700928","4.067677974700928"
"45600","3.798480987548828","3.798480987548828","3.798480987548828"
"45700","3.9402832984924316","3.9402832984924316","3.9402832984924316"
"45800","3.9892194271087646","3.9892194271087646","3.9892194271087646"
"45900","4.12646484375","4.12646484375","4.12646484375"
"46000","3.9971280097961426","3.9971280097961426","3.9971280097961426"
"46100","4.071540832519531","4.071540832519531","4.071540832519531"
"46200","4.117082118988037","4.117082118988037","4.117082118988037"
"46300","4.152503967285156","4.152503967285156","4.152503967285156"
"46400","4.160502910614014","4.160502910614014","4.160502910614014"
"46500","4.154433250427246","4.154433250427246","4.154433250427246"
"46600","4.106379508972168","4.106379508972168","4.106379508972168"
"46700","4.092949867248535","4.092949867248535","4.092949867248535"
"46800","4.105361461639404","4.105361461639404","4.105361461639404"
"46900","4.09200382232666","4.09200382232666","4.09200382232666"
"47000","3.9762861728668213","3.9762861728668213","3.9762861728668213"
"47100","4.117817401885986","4.117817401885986","4.117817401885986"
"47200","4.063401222229004","4.063401222229004","4.063401222229004"
"47300","4.064161777496338","4.064161777496338","4.064161777496338"
"47400","4.099340915679932","4.099340915679932","4.099340915679932"
"47500","3.919248104095459","3.919248104095459","3.919248104095459"
"47600","3.994596004486084","3.994596004486084","3.994596004486084"
"47700","4.197927951812744","4.197927951812744","4.197927951812744"
"47800","4.119745254516602","4.119745254516602","4.119745254516602"
"47900","4.048349857330322","4.048349857330322","4.048349857330322"
"48000","3.899850368499756","3.899850368499756","3.899850368499756"
"48100","3.995844602584839","3.995844602584839","3.995844602584839"
"48200","4.1315813064575195","4.1315813064575195","4.1315813064575195"
"48300","4.0356926918029785","4.0356926918029785","4.0356926918029785"
"48400","4.115231037139893","4.115231037139893","4.115231037139893"
"48500","4.086904525756836","4.086904525756836","4.086904525756836"
"48600","3.991633176803589","3.991633176803589","3.991633176803589"
"48700","4.092036247253418","4.092036247253418","4.092036247253418"
"48800","4.080557823181152","4.080557823181152","4.080557823181152"
"48900","3.9118411540985107","3.9118411540985107","3.9118411540985107"
"49000","3.927852153778076","3.927852153778076","3.927852153778076"
"49100","3.721123218536377","3.721123218536377","3.721123218536377"
"49200","4.056257724761963","4.056257724761963","4.056257724761963"
"49300","3.7815494537353516","3.7815494537353516","3.7815494537353516"
"49400","4.106533050537109","4.106533050537109","4.106533050537109"
"49500","3.791983127593994","3.791983127593994","3.791983127593994"
"49600","4.01186466217041","4.01186466217041","4.01186466217041"
"49700","3.8284831047058105","3.8284831047058105","3.8284831047058105"
"49800","4.128678798675537","4.128678798675537","4.128678798675537"
"49900","4.087372779846191","4.087372779846191","4.087372779846191"
"50000","4.034465312957764","4.034465312957764","4.034465312957764"
"50100","4.019506931304932","4.019506931304932","4.019506931304932"
"50200","4.07230806350708","4.07230806350708","4.07230806350708"
"50300","4.1092023849487305","4.1092023849487305","4.1092023849487305"
"50400","4.100646018981934","4.100646018981934","4.100646018981934"
"50500","3.556807041168213","3.556807041168213","3.556807041168213"
"50600","4.076446533203125","4.076446533203125","4.076446533203125"
"50700","4.042603969573975","4.042603969573975","4.042603969573975"
"50800","4.038463592529297","4.038463592529297","4.038463592529297"
"50900","4.035610675811768","4.035610675811768","4.035610675811768"
"51000","4.151076316833496","4.151076316833496","4.151076316833496"
"51100","4.106169700622559","4.106169700622559","4.106169700622559"
"51200","4.059443473815918","4.059443473815918","4.059443473815918"
"51300","4.044440269470215","4.044440269470215","4.044440269470215"
"51400","3.8570499420166016","3.8570499420166016","3.8570499420166016"
"51500","4.086977005004883","4.086977005004883","4.086977005004883"
"51600","3.8198020458221436","3.8198020458221436","3.8198020458221436"
"51700","4.053381443023682","4.053381443023682","4.053381443023682"
"51800","4.078020095825195","4.078020095825195","4.078020095825195"
"51900","4.064094543457031","4.064094543457031","4.064094543457031"
"52000","3.9993667602539062","3.9993667602539062","3.9993667602539062"
"52100","4.031681537628174","4.031681537628174","4.031681537628174"
"52200","3.9287683963775635","3.9287683963775635","3.9287683963775635"
"52300","4.028563976287842","4.028563976287842","4.028563976287842"
"52400","4.070473670959473","4.070473670959473","4.070473670959473"
"52500","4.076437950134277","4.076437950134277","4.076437950134277"
"52600","4.157681941986084","4.157681941986084","4.157681941986084"
"52700","4.127786636352539","4.127786636352539","4.127786636352539"
"52800","4.217911720275879","4.217911720275879","4.217911720275879"
"52900","4.088623046875","4.088623046875","4.088623046875"
"53000","3.9828145503997803","3.9828145503997803","3.9828145503997803"
"53100","4.075118064880371","4.075118064880371","4.075118064880371"
"53200","4.039763927459717","4.039763927459717","4.039763927459717"
"53300","3.9890761375427246","3.9890761375427246","3.9890761375427246"
"53400","3.7918593883514404","3.7918593883514404","3.7918593883514404"
"53500","4.125266075134277","4.125266075134277","4.125266075134277"
"53600","3.7169528007507324","3.7169528007507324","3.7169528007507324"
"53700","4.04590368270874","4.04590368270874","4.04590368270874"
"53800","4.084972381591797","4.084972381591797","4.084972381591797"
"53900","4.0243330001831055","4.0243330001831055","4.0243330001831055"
"54000","4.078834056854248","4.078834056854248","4.078834056854248"
"54100","3.9848577976226807","3.9848577976226807","3.9848577976226807"
"54200","4.130736827850342","4.130736827850342","4.130736827850342"
"54300","4.036263942718506","4.036263942718506","4.036263942718506"
"54400","3.9562158584594727","3.9562158584594727","3.9562158584594727"
"54500","4.08018684387207","4.08018684387207","4.08018684387207"
"54600","4.009350776672363","4.009350776672363","4.009350776672363"
"54700","4.108759880065918","4.108759880065918","4.108759880065918"
"54800","3.929037094116211","3.929037094116211","3.929037094116211"
"54900","3.853288173675537","3.853288173675537","3.853288173675537"
"55000","3.8264312744140625","3.8264312744140625","3.8264312744140625"
"55100","4.061490535736084","4.061490535736084","4.061490535736084"
"55200","4.025827407836914","4.025827407836914","4.025827407836914"
"55300","4.084378242492676","4.084378242492676","4.084378242492676"
"55400","4.050169944763184","4.050169944763184","4.050169944763184"
"55500","3.95741605758667","3.95741605758667","3.95741605758667"
"55600","4.096628189086914","4.096628189086914","4.096628189086914"
"55700","4.087369441986084","4.087369441986084","4.087369441986084"
"55800","4.071678638458252","4.071678638458252","4.071678638458252"
"55900","4.127610206604004","4.127610206604004","4.127610206604004"
"56000","3.937242269515991","3.937242269515991","3.937242269515991"
"56100","3.9757285118103027","3.9757285118103027","3.9757285118103027"
"56200","4.076929569244385","4.076929569244385","4.076929569244385"
"56300","3.933631420135498","3.933631420135498","3.933631420135498"
"56400","4.111799716949463","4.111799716949463","4.111799716949463"
"56500","4.0815958976745605","4.0815958976745605","4.0815958976745605"
"56600","3.9199700355529785","3.9199700355529785","3.9199700355529785"
"56700","3.895625591278076","3.895625591278076","3.895625591278076"
"56800","4.023280143737793","4.023280143737793","4.023280143737793"
"56900","4.007715225219727","4.007715225219727","4.007715225219727"
"57000","4.095948219299316","4.095948219299316","4.095948219299316"
"57100","3.866023063659668","3.866023063659668","3.866023063659668"
"57200","3.9881439208984375","3.9881439208984375","3.9881439208984375"
"57300","3.945521831512451","3.945521831512451","3.945521831512451"
"57400","3.9884798526763916","3.9884798526763916","3.9884798526763916"
"57500","4.020768165588379","4.020768165588379","4.020768165588379"
"57600","4.045376777648926","4.045376777648926","4.045376777648926"
"57700","3.918285846710205","3.918285846710205","3.918285846710205"
"57800","3.941444158554077","3.941444158554077","3.941444158554077"
"57900","4.063320159912109","4.063320159912109","4.063320159912109"
"58000","3.9725470542907715","3.9725470542907715","3.9725470542907715"
"58100","4.0067362785339355","4.0067362785339355","4.0067362785339355"
"58200","4.023627281188965","4.023627281188965","4.023627281188965"
"58300","3.8417887687683105","3.8417887687683105","3.8417887687683105"
"58400","3.850407361984253","3.850407361984253","3.850407361984253"
"58500","3.9493350982666016","3.9493350982666016","3.9493350982666016"
"58600","4.07601261138916","4.07601261138916","4.07601261138916"
"58700","3.9830565452575684","3.9830565452575684","3.9830565452575684"
"58800","3.951648473739624","3.951648473739624","3.951648473739624"
"58900","3.8577687740325928","3.8577687740325928","3.8577687740325928"
"59000","3.861750364303589","3.861750364303589","3.861750364303589"
"59100","4.127453327178955","4.127453327178955","4.127453327178955"
"59200","4.019931793212891","4.019931793212891","4.019931793212891"
"59300","3.997248411178589","3.997248411178589","3.997248411178589"
"59400","3.917232036590576","3.917232036590576","3.917232036590576"
"59500","4.105916500091553","4.105916500091553","4.105916500091553"
"59600","3.8967320919036865","3.8967320919036865","3.8967320919036865"
"59700","3.797029733657837","3.797029733657837","3.797029733657837"
"59800","3.930899143218994","3.930899143218994","3.930899143218994"
"59900","4.032041549682617","4.032041549682617","4.032041549682617"
"60000","3.931805372238159","3.931805372238159","3.931805372238159"
"60100","4.1939167976379395","4.1939167976379395","4.1939167976379395"
"60200","4.048355579376221","4.048355579376221","4.048355579376221"
"60300","3.72684383392334","3.72684383392334","3.72684383392334"
"60400","4.037162780761719","4.037162780761719","4.037162780761719"
"60500","4.031889915466309","4.031889915466309","4.031889915466309"
"60600","3.803420066833496","3.803420066833496","3.803420066833496"
"60700","4.092181205749512","4.092181205749512","4.092181205749512"
"60800","4.02899694442749","4.02899694442749","4.02899694442749"
"60900","4.011389255523682","4.011389255523682","4.011389255523682"
"61000","3.9148447513580322","3.9148447513580322","3.9148447513580322"
"61100","3.9120640754699707","3.9120640754699707","3.9120640754699707"
"61200","3.913325071334839","3.913325071334839","3.913325071334839"
"61300","4.088197231292725","4.088197231292725","4.088197231292725"
"61400","4.010208606719971","4.010208606719971","4.010208606719971"
"61500","4.015499114990234","4.015499114990234","4.015499114990234"
"61600","3.679999589920044","3.679999589920044","3.679999589920044"
"61700","4.009746551513672","4.009746551513672","4.009746551513672"
"61800","3.876244306564331","3.876244306564331","3.876244306564331"
"61900","3.938661813735962","3.938661813735962","3.938661813735962"
"62000","3.998788595199585","3.998788595199585","3.998788595199585"
"62100","3.943441867828369","3.943441867828369","3.943441867828369"
"62200","3.9971625804901123","3.9971625804901123","3.9971625804901123"
"62300","3.9266161918640137","3.9266161918640137","3.9266161918640137"
"62400","3.9592552185058594","3.9592552185058594","3.9592552185058594"
"62500","4.092155933380127","4.092155933380127","4.092155933380127"
"62600","3.9858336448669434","3.9858336448669434","3.9858336448669434"
"62700","3.9419522285461426","3.9419522285461426","3.9419522285461426"
"62800","4.027134895324707","4.027134895324707","4.027134895324707"
"62900","4.032846450805664","4.032846450805664","4.032846450805664"
"63000","4.085224151611328","4.085224151611328","4.085224151611328"
"63100","3.9570276737213135","3.9570276737213135","3.9570276737213135"
"63200","4.032849311828613","4.032849311828613","4.032849311828613"
"63300","3.8280255794525146","3.8280255794525146","3.8280255794525146"
"63400","4.049558639526367","4.049558639526367","4.049558639526367"
"63500","3.972985029220581","3.972985029220581","3.972985029220581"
"63600","4.056257247924805","4.056257247924805","4.056257247924805"
"63700","3.990980625152588","3.990980625152588","3.990980625152588"
"63800","4.042146682739258","4.042146682739258","4.042146682739258"
"63900","3.9995086193084717","3.9995086193084717","3.9995086193084717"
"64000","3.8497679233551025","3.8497679233551025","3.8497679233551025"
"64100","3.989112138748169","3.989112138748169","3.989112138748169"
"64200","4.005666732788086","4.005666732788086","4.005666732788086"
"64300","4.013289451599121","4.013289451599121","4.013289451599121"
"64400","4.030345916748047","4.030345916748047","4.030345916748047"
"64500","4.002384662628174","4.002384662628174","4.002384662628174"
"64600","4.0379791259765625","4.0379791259765625","4.0379791259765625"
"64700","3.9514212608337402","3.9514212608337402","3.9514212608337402"
"64800","4.07997989654541","4.07997989654541","4.07997989654541"
"64900","3.9756391048431396","3.9756391048431396","3.9756391048431396"
"65000","4.04404354095459","4.04404354095459","4.04404354095459"
"65100","3.716848373413086","3.716848373413086","3.716848373413086"
"65200","4.016169548034668","4.016169548034668","4.016169548034668"
"65300","3.9447600841522217","3.9447600841522217","3.9447600841522217"
"65400","3.8357911109924316","3.8357911109924316","3.8357911109924316"
"65500","3.787029266357422","3.787029266357422","3.787029266357422"
"65600","3.898224353790283","3.898224353790283","3.898224353790283"
"65700","4.031391143798828","4.031391143798828","4.031391143798828"
"65800","4.060283184051514","4.060283184051514","4.060283184051514"
"65900","4.029857158660889","4.029857158660889","4.029857158660889"
"66000","3.9677376747131348","3.9677376747131348","3.9677376747131348"
"66100","3.8048462867736816","3.8048462867736816","3.8048462867736816"
"66200","4.025519371032715","4.025519371032715","4.025519371032715"
"66300","4.001636981964111","4.001636981964111","4.001636981964111"
"66400","3.9749929904937744","3.9749929904937744","3.9749929904937744"
"66500","4.068096160888672","4.068096160888672","4.068096160888672"
"66600","4.064260005950928","4.064260005950928","4.064260005950928"
"66700","4.02328634262085","4.02328634262085","4.02328634262085"
"66800","3.92041015625","3.92041015625","3.92041015625"
"66900","3.927351951599121","3.927351951599121","3.927351951599121"
"67000","3.727889060974121","3.727889060974121","3.727889060974121"
"67100","4.012341499328613","4.012341499328613","4.012341499328613"
"67200","3.8470911979675293","3.8470911979675293","3.8470911979675293"
"67300","4.0356340408325195","4.0356340408325195","4.0356340408325195"
"67400","4.014157772064209","4.014157772064209","4.014157772064209"
"67500","3.879556894302368","3.879556894302368","3.879556894302368"
"67600","3.6473045349121094","3.6473045349121094","3.6473045349121094"
"67700","4.014028072357178","4.014028072357178","4.014028072357178"
"67800","4.058811187744141","4.058811187744141","4.058811187744141"
"67900","3.9692294597625732","3.9692294597625732","3.9692294597625732"
"68000","3.978464365005493","3.978464365005493","3.978464365005493"
"68100","3.940082311630249","3.940082311630249","3.940082311630249"
"68200","4.078335762023926","4.078335762023926","4.078335762023926"
"68300","4.0132880210876465","4.0132880210876465","4.0132880210876465"
"68400","3.9710493087768555","3.9710493087768555","3.9710493087768555"
"68500","3.860393524169922","3.860393524169922","3.860393524169922"
"68600","3.97505521774292","3.97505521774292","3.97505521774292"
"68700","3.967947483062744","3.967947483062744","3.967947483062744"
"68800","4.068010330200195","4.068010330200195","4.068010330200195"
"68900","3.8928799629211426","3.8928799629211426","3.8928799629211426"
"69000","3.940310478210449","3.940310478210449","3.940310478210449"
"69100","4.078092575073242","4.078092575073242","4.078092575073242"
"69200","3.946441650390625","3.946441650390625","3.946441650390625"
"69300","4.069660186767578","4.069660186767578","4.069660186767578"
"69400","4.0318732261657715","4.0318732261657715","4.0318732261657715"
"69500","4.0312042236328125","4.0312042236328125","4.0312042236328125"
"69600","3.940128803253174","3.940128803253174","3.940128803253174"
"69700","3.946317195892334","3.946317195892334","3.946317195892334"
"69800","4.068186283111572","4.068186283111572","4.068186283111572"
"69900","3.9306931495666504","3.9306931495666504","3.9306931495666504"
"70000","3.955589771270752","3.955589771270752","3.955589771270752"
"70100","3.9443583488464355","3.9443583488464355","3.9443583488464355"
"70200","4.044531345367432","4.044531345367432","4.044531345367432"
"70300","3.979816436767578","3.979816436767578","3.979816436767578"
"70400","3.9706614017486572","3.9706614017486572","3.9706614017486572"
"70500","4.056563377380371","4.056563377380371","4.056563377380371"
"70600","4.0584588050842285","4.0584588050842285","4.0584588050842285"
"70700","3.966444969177246","3.966444969177246","3.966444969177246"
"70800","3.9468636512756348","3.9468636512756348","3.9468636512756348"
"70900","4.073921203613281","4.073921203613281","4.073921203613281"
"71000","3.8410849571228027","3.8410849571228027","3.8410849571228027"
"71100","3.973207473754883","3.973207473754883","3.973207473754883"
"71200","3.8186864852905273","3.8186864852905273","3.8186864852905273"
"71300","3.98199462890625","3.98199462890625","3.98199462890625"
"71400","4.032686710357666","4.032686710357666","4.032686710357666"
"71500","3.8383803367614746","3.8383803367614746","3.8383803367614746"
"71600","3.8650810718536377","3.8650810718536377","3.8650810718536377"
"71700","4.025087833404541","4.025087833404541","4.025087833404541"
"71800","4.007184028625488","4.007184028625488","4.007184028625488"
"71900","4.009400844573975","4.009400844573975","4.009400844573975"
"72000","4.038403511047363","4.038403511047363","4.038403511047363"
"72100","3.8506526947021484","3.8506526947021484","3.8506526947021484"
"72200","3.87333607673645","3.87333607673645","3.87333607673645"
"72300","3.9290478229522705","3.9290478229522705","3.9290478229522705"
"72400","4.068185329437256","4.068185329437256","4.068185329437256"
"72500","4.011731147766113","4.011731147766113","4.011731147766113"
"72600","4.019125461578369","4.019125461578369","4.019125461578369"
"72700","4.07041072845459","4.07041072845459","4.07041072845459"
"72800","4.010009288787842","4.010009288787842","4.010009288787842"
"72900","4.033578872680664","4.033578872680664","4.033578872680664"
"73000","4.021890640258789","4.021890640258789","4.021890640258789"
"73100","4.006545543670654","4.006545543670654","4.006545543670654"
"73200","3.94268798828125","3.94268798828125","3.94268798828125"
"73300","3.9596292972564697","3.9596292972564697","3.9596292972564697"
"73400","3.8190114498138428","3.8190114498138428","3.8190114498138428"
"73500","4.054479598999023","4.054479598999023","4.054479598999023"
"73600","4.000716686248779","4.000716686248779","4.000716686248779"
"73700","3.932936668395996","3.932936668395996","3.932936668395996"
"73800","3.866441249847412","3.866441249847412","3.866441249847412"
"73900","4.028148174285889","4.028148174285889","4.028148174285889"
"74000","4.016885280609131","4.016885280609131","4.016885280609131"
"74100","4.00313663482666","4.00313663482666","4.00313663482666"
"74200","3.9974584579467773","3.9974584579467773","3.9974584579467773"
"74300","3.835968255996704","3.835968255996704","3.835968255996704"
"74400","3.924934148788452","3.924934148788452","3.924934148788452"
"74500","3.9778146743774414","3.9778146743774414","3.9778146743774414"
"74600","3.978700876235962","3.978700876235962","3.978700876235962"
"74700","4.012207984924316","4.012207984924316","4.012207984924316"
"74800","4.007413864135742","4.007413864135742","4.007413864135742"
"74900","4.054766654968262","4.054766654968262","4.054766654968262"
"75000","3.9075069427490234","3.9075069427490234","3.9075069427490234"
"75100","3.9793739318847656","3.9793739318847656","3.9793739318847656"
"75200","3.9755163192749023","3.9755163192749023","3.9755163192749023"
"75300","3.989858865737915","3.989858865737915","3.989858865737915"
"75400","3.897946834564209","3.897946834564209","3.897946834564209"
"75500","4.046513080596924","4.046513080596924","4.046513080596924"
"75600","4.06746768951416","4.06746768951416","4.06746768951416"
"75700","3.885294198989868","3.885294198989868","3.885294198989868"
"75800","3.9646434783935547","3.9646434783935547","3.9646434783935547"
"75900","4.003605842590332","4.003605842590332","4.003605842590332"
"76000","4.018606662750244","4.018606662750244","4.018606662750244"
"76100","4.01372766494751","4.01372766494751","4.01372766494751"
"76200","3.995231866836548","3.995231866836548","3.995231866836548"
"76300","3.9802660942077637","3.9802660942077637","3.9802660942077637"
"76400","3.9892101287841797","3.9892101287841797","3.9892101287841797"
"76500","3.9379236698150635","3.9379236698150635","3.9379236698150635"
"76600","3.962204933166504","3.962204933166504","3.962204933166504"
"76700","3.9780681133270264","3.9780681133270264","3.9780681133270264"
"76800","3.986790895462036","3.986790895462036","3.986790895462036"
"76900","4.044588088989258","4.044588088989258","4.044588088989258"
"77000","3.967841863632202","3.967841863632202","3.967841863632202"
"77100","3.8627405166625977","3.8627405166625977","3.8627405166625977"
"77200","3.9328126907348633","3.9328126907348633","3.9328126907348633"
"77300","4.022895336151123","4.022895336151123","4.022895336151123"
"77400","3.8756375312805176","3.8756375312805176","3.8756375312805176"
"77500","4.051800727844238","4.051800727844238","4.051800727844238"
"77600","3.974486827850342","3.974486827850342","3.974486827850342"
"77700","3.8602004051208496","3.8602004051208496","3.8602004051208496"
"77800","3.659987449645996","3.659987449645996","3.659987449645996"
"77900","4.0132527351379395","4.0132527351379395","4.0132527351379395"
"78000","3.7169318199157715","3.7169318199157715","3.7169318199157715"
"78100","3.8532824516296387","3.8532824516296387","3.8532824516296387"
"78200","3.8244481086730957","3.8244481086730957","3.8244481086730957"
"78300","3.8193955421447754","3.8193955421447754","3.8193955421447754"
"78400","3.9545888900756836","3.9545888900756836","3.9545888900756836"
"78500","3.926978349685669","3.926978349685669","3.926978349685669"
"78600","3.867269515991211","3.867269515991211","3.867269515991211"
"78700","3.8816213607788086","3.8816213607788086","3.8816213607788086"
"78800","3.965543270111084","3.965543270111084","3.965543270111084"
"78900","3.988565444946289","3.988565444946289","3.988565444946289"
"79000","4.041427135467529","4.041427135467529","4.041427135467529"
"79100","4.017275810241699","4.017275810241699","4.017275810241699"
"79200","3.9860939979553223","3.9860939979553223","3.9860939979553223"
"79300","3.9813923835754395","3.9813923835754395","3.9813923835754395"
"79400","4.003424167633057","4.003424167633057","4.003424167633057"
"79500","3.959806442260742","3.959806442260742","3.959806442260742"
"79600","4.735591888427734","4.735591888427734","4.735591888427734"
"79700","4.247071266174316","4.247071266174316","4.247071266174316"
"79800","4.325756549835205","4.325756549835205","4.325756549835205"
"79900","4.071231365203857","4.071231365203857","4.071231365203857"
"80000","3.9685826301574707","3.9685826301574707","3.9685826301574707"
"80100","3.8803162574768066","3.8803162574768066","3.8803162574768066"
"80200","4.1342854499816895","4.1342854499816895","4.1342854499816895"
"80300","3.9487550258636475","3.9487550258636475","3.9487550258636475"
"80400","4.055078506469727","4.055078506469727","4.055078506469727"
"80500","3.917445182800293","3.917445182800293","3.917445182800293"
"80600","3.9171011447906494","3.9171011447906494","3.9171011447906494"
"80700","4.141873836517334","4.141873836517334","4.141873836517334"
"80800","3.858872890472412","3.858872890472412","3.858872890472412"
"80900","4.051776885986328","4.051776885986328","4.051776885986328"
"81000","3.8856239318847656","3.8856239318847656","3.8856239318847656"
"81100","3.9470674991607666","3.9470674991607666","3.9470674991607666"
"81200","4.058169364929199","4.058169364929199","4.058169364929199"
"81300","4.055891990661621","4.055891990661621","4.055891990661621"
"81400","4.0500640869140625","4.0500640869140625","4.0500640869140625"
"81500","3.8812272548675537","3.8812272548675537","3.8812272548675537"
"81600","4.023169994354248","4.023169994354248","4.023169994354248"
"81700","4.103953838348389","4.103953838348389","4.103953838348389"
"81800","3.999314308166504","3.999314308166504","3.999314308166504"
"81900","3.995091438293457","3.995091438293457","3.995091438293457"
"82000","4.010262966156006","4.010262966156006","4.010262966156006"
"82100","3.994391918182373","3.994391918182373","3.994391918182373"
"82200","4.010942459106445","4.010942459106445","4.010942459106445"
"82300","3.8870954513549805","3.8870954513549805","3.8870954513549805"
"82400","3.898721933364868","3.898721933364868","3.898721933364868"
"82500","3.976439952850342","3.976439952850342","3.976439952850342"
"82600","3.9789655208587646","3.9789655208587646","3.9789655208587646"
"82700","4.000581741333008","4.000581741333008","4.000581741333008"
"82800","3.910465955734253","3.910465955734253","3.910465955734253"
"82900","3.852018356323242","3.852018356323242","3.852018356323242"
"83000","4.024418354034424","4.024418354034424","4.024418354034424"
"83100","3.5451724529266357","3.5451724529266357","3.5451724529266357"
"83200","3.8138058185577393","3.8138058185577393","3.8138058185577393"
"83300","3.8750007152557373","3.8750007152557373","3.8750007152557373"
"83400","4.004335880279541","4.004335880279541","4.004335880279541"
"83500","4.091493129730225","4.091493129730225","4.091493129730225"
"83600","3.824171543121338","3.824171543121338","3.824171543121338"
"83700","4.067494869232178","4.067494869232178","4.067494869232178"
"83800","3.8272507190704346","3.8272507190704346","3.8272507190704346"
"83900","4.0167365074157715","4.0167365074157715","4.0167365074157715"
"84000","4.050840854644775","4.050840854644775","4.050840854644775"
"84100","3.8507068157196045","3.8507068157196045","3.8507068157196045"
"84200","3.91377592086792","3.91377592086792","3.91377592086792"
"84300","3.7914977073669434","3.7914977073669434","3.7914977073669434"
"84400","3.8167059421539307","3.8167059421539307","3.8167059421539307"
"84500","3.9010205268859863","3.9010205268859863","3.9010205268859863"
"84600","3.9627015590667725","3.9627015590667725","3.9627015590667725"
"84700","3.9072279930114746","3.9072279930114746","3.9072279930114746"
"84800","3.818761110305786","3.818761110305786","3.818761110305786"
"84900","4.063075065612793","4.063075065612793","4.063075065612793"
"85000","3.9642105102539062","3.9642105102539062","3.9642105102539062"
"85100","4.039122104644775","4.039122104644775","4.039122104644775"
"85200","3.9189677238464355","3.9189677238464355","3.9189677238464355"
"85300","4.016041278839111","4.016041278839111","4.016041278839111"
"85400","3.8676137924194336","3.8676137924194336","3.8676137924194336"
"85500","3.8439338207244873","3.8439338207244873","3.8439338207244873"
"85600","3.787559747695923","3.787559747695923","3.787559747695923"
"85700","3.8955132961273193","3.8955132961273193","3.8955132961273193"
"85800","3.9192752838134766","3.9192752838134766","3.9192752838134766"
"85900","4.0030107498168945","4.0030107498168945","4.0030107498168945"
"86000","3.9680697917938232","3.9680697917938232","3.9680697917938232"
"86100","4.0457353591918945","4.0457353591918945","4.0457353591918945"
"86200","4.063570022583008","4.063570022583008","4.063570022583008"
"86300","3.8454089164733887","3.8454089164733887","3.8454089164733887"
"86400","4.047106742858887","4.047106742858887","4.047106742858887"
"86500","3.8523688316345215","3.8523688316345215","3.8523688316345215"
"86600","3.854069471359253","3.854069471359253","3.854069471359253"
"86700","4.007979393005371","4.007979393005371","4.007979393005371"
"86800","3.949404716491699","3.949404716491699","3.949404716491699"
"86900","3.9952611923217773","3.9952611923217773","3.9952611923217773"
"87000","3.748049020767212","3.748049020767212","3.748049020767212"
"87100","4.040624618530273","4.040624618530273","4.040624618530273"
"87200","3.917994499206543","3.917994499206543","3.917994499206543"
"87300","3.9592747688293457","3.9592747688293457","3.9592747688293457"
"87400","4.037480354309082","4.037480354309082","4.037480354309082"
"87500","4.014739990234375","4.014739990234375","4.014739990234375"
"87600","4.02049446105957","4.02049446105957","4.02049446105957"
"87700","4.0005974769592285","4.0005974769592285","4.0005974769592285"
"87800","3.92232084274292","3.92232084274292","3.92232084274292"
"87900","4.014892101287842","4.014892101287842","4.014892101287842"
"88000","3.8879342079162598","3.8879342079162598","3.8879342079162598"
"88100","4.004011154174805","4.004011154174805","4.004011154174805"
"88200","4.053151607513428","4.053151607513428","4.053151607513428"
"88300","4.044874668121338","4.044874668121338","4.044874668121338"
"88400","3.8810720443725586","3.8810720443725586","3.8810720443725586"
"88500","3.94354248046875","3.94354248046875","3.94354248046875"
"88600","3.8543968200683594","3.8543968200683594","3.8543968200683594"
"88700","4.0632123947143555","4.0632123947143555","4.0632123947143555"
"88800","4.011283874511719","4.011283874511719","4.011283874511719"
"88900","3.894573450088501","3.894573450088501","3.894573450088501"
"89000","3.7890143394470215","3.7890143394470215","3.7890143394470215"
"89100","4.066840648651123","4.066840648651123","4.066840648651123"
"89200","4.002622127532959","4.002622127532959","4.002622127532959"
"89300","3.9366228580474854","3.9366228580474854","3.9366228580474854"
"89400","4.0552520751953125","4.0552520751953125","4.0552520751953125"
"89500","3.8850581645965576","3.8850581645965576","3.8850581645965576"
"89600","3.983152151107788","3.983152151107788","3.983152151107788"
"89700","3.918052911758423","3.918052911758423","3.918052911758423"
"89800","3.75661563873291","3.75661563873291","3.75661563873291"
"89900","4.003891468048096","4.003891468048096","4.003891468048096"
"90000","3.8174808025360107","3.8174808025360107","3.8174808025360107"
"90100","3.970005512237549","3.970005512237549","3.970005512237549"
"90200","4.018249034881592","4.018249034881592","4.018249034881592"
"90300","3.9837534427642822","3.9837534427642822","3.9837534427642822"
"90400","3.986377716064453","3.986377716064453","3.986377716064453"
"90500","3.783426284790039","3.783426284790039","3.783426284790039"
"90600","3.9812419414520264","3.9812419414520264","3.9812419414520264"
"90700","3.7332282066345215","3.7332282066345215","3.7332282066345215"
"90800","3.9945569038391113","3.9945569038391113","3.9945569038391113"
"90900","3.874079465866089","3.874079465866089","3.874079465866089"
"91000","3.964486598968506","3.964486598968506","3.964486598968506"
"91100","4.01972770690918","4.01972770690918","4.01972770690918"
"91200","3.9140384197235107","3.9140384197235107","3.9140384197235107"
"91300","3.980545997619629","3.980545997619629","3.980545997619629"
"91400","4.056390762329102","4.056390762329102","4.056390762329102"
"91500","3.7697699069976807","3.7697699069976807","3.7697699069976807"
"91600","3.683047294616699","3.683047294616699","3.683047294616699"
"91700","4.009366989135742","4.009366989135742","4.009366989135742"
"91800","3.8692896366119385","3.8692896366119385","3.8692896366119385"
"91900","3.9329655170440674","3.9329655170440674","3.9329655170440674"
"92000","3.942117214202881","3.942117214202881","3.942117214202881"
"92100","3.9193532466888428","3.9193532466888428","3.9193532466888428"
"92200","3.940828323364258","3.940828323364258","3.940828323364258"
"92300","3.9581644535064697","3.9581644535064697","3.9581644535064697"
"92400","3.8424570560455322","3.8424570560455322","3.8424570560455322"
"92500","4.007175445556641","4.007175445556641","4.007175445556641"
"92600","3.9767074584960938","3.9767074584960938","3.9767074584960938"
"92700","3.98437237739563","3.98437237739563","3.98437237739563"
"92800","3.9280035495758057","3.9280035495758057","3.9280035495758057"
"92900","4.00509786605835","4.00509786605835","4.00509786605835"
"93000","4.00114107131958","4.00114107131958","4.00114107131958"
"93100","3.7428693771362305","3.7428693771362305","3.7428693771362305"
"93200","3.9306352138519287","3.9306352138519287","3.9306352138519287"
"93300","3.8925018310546875","3.8925018310546875","3.8925018310546875"
"93400","3.9629833698272705","3.9629833698272705","3.9629833698272705"
"93500","3.8165054321289062","3.8165054321289062","3.8165054321289062"
"93600","3.936445713043213","3.936445713043213","3.936445713043213"
"93700","3.9610519409179688","3.9610519409179688","3.9610519409179688"
"93800","3.879702091217041","3.879702091217041","3.879702091217041"
"93900","3.9065685272216797","3.9065685272216797","3.9065685272216797"
"94000","3.9231982231140137","3.9231982231140137","3.9231982231140137"
"94100","3.8728370666503906","3.8728370666503906","3.8728370666503906"
"94200","4.034956455230713","4.034956455230713","4.034956455230713"
"94300","3.9508113861083984","3.9508113861083984","3.9508113861083984"
"94400","3.931023120880127","3.931023120880127","3.931023120880127"
"94500","4.029865741729736","4.029865741729736","4.029865741729736"
"94600","3.894082546234131","3.894082546234131","3.894082546234131"
"94700","4.006356239318848","4.006356239318848","4.006356239318848"
"94800","3.96886944770813","3.96886944770813","3.96886944770813"
"94900","3.8727684020996094","3.8727684020996094","3.8727684020996094"
"95000","3.9309113025665283","3.9309113025665283","3.9309113025665283"
"95100","4.0175065994262695","4.0175065994262695","4.0175065994262695"
"95200","3.9357030391693115","3.9357030391693115","3.9357030391693115"
"95300","3.9308900833129883","3.9308900833129883","3.9308900833129883"
"95400","3.979339122772217","3.979339122772217","3.979339122772217"
"95500","3.9351887702941895","3.9351887702941895","3.9351887702941895"
"95600","4.035717487335205","4.035717487335205","4.035717487335205"
"95700","4.052977561950684","4.052977561950684","4.052977561950684"
"95800","3.9927303791046143","3.9927303791046143","3.9927303791046143"
"95900","4.035698890686035","4.035698890686035","4.035698890686035"
"96000","3.7747185230255127","3.7747185230255127","3.7747185230255127"
"96100","3.932460308074951","3.932460308074951","3.932460308074951"
"96200","3.963871479034424","3.963871479034424","3.963871479034424"
"96300","3.9821715354919434","3.9821715354919434","3.9821715354919434"
"96400","4.014994144439697","4.014994144439697","4.014994144439697"
"96500","3.979104995727539","3.979104995727539","3.979104995727539"
"96600","3.973964214324951","3.973964214324951","3.973964214324951"
"96700","3.5851330757141113","3.5851330757141113","3.5851330757141113"
"96800","3.912327766418457","3.912327766418457","3.912327766418457"
"96900","3.80603289604187","3.80603289604187","3.80603289604187"
"97000","3.982131242752075","3.982131242752075","3.982131242752075"
"97100","4.024523735046387","4.024523735046387","4.024523735046387"
"97200","3.9549648761749268","3.9549648761749268","3.9549648761749268"
"97300","3.776912212371826","3.776912212371826","3.776912212371826"
"97400","3.8820641040802","3.8820641040802","3.8820641040802"
"97500","3.923851490020752","3.923851490020752","3.923851490020752"
"97600","4.01121187210083","4.01121187210083","4.01121187210083"
"97700","4.052690505981445","4.052690505981445","4.052690505981445"
"97800","3.9398789405822754","3.9398789405822754","3.9398789405822754"
"97900","3.9616928100585938","3.9616928100585938","3.9616928100585938"
"98000","3.8767600059509277","3.8767600059509277","3.8767600059509277"
"98100","3.9656050205230713","3.9656050205230713","3.9656050205230713"
"98200","3.9454689025878906","3.9454689025878906","3.9454689025878906"
"98300","3.865612030029297","3.865612030029297","3.865612030029297"
"98400","3.989004135131836","3.989004135131836","3.989004135131836"
"98500","3.9935169219970703","3.9935169219970703","3.9935169219970703"
"98600","3.7032673358917236","3.7032673358917236","3.7032673358917236"
"98700","3.9670491218566895","3.9670491218566895","3.9670491218566895"
"98800","4.003686428070068","4.003686428070068","4.003686428070068"
"98900","3.864062547683716","3.864062547683716","3.864062547683716"
"99000","3.84138822555542","3.84138822555542","3.84138822555542"
"99100","3.7906270027160645","3.7906270027160645","3.7906270027160645"
"99200","3.945044994354248","3.945044994354248","3.945044994354248"
"99300","3.8237929344177246","3.8237929344177246","3.8237929344177246"
"99400","3.8906302452087402","3.8906302452087402","3.8906302452087402"
"99500","3.8991012573242188","3.8991012573242188","3.8991012573242188"
"99600","3.9406166076660156","3.9406166076660156","3.9406166076660156"
"99700","4.001275062561035","4.001275062561035","4.001275062561035"
"99800","4.019233226776123","4.019233226776123","4.019233226776123"
"99900","3.9470579624176025","3.9470579624176025","3.9470579624176025"
"100000","3.9773197174072266","3.9773197174072266","3.9773197174072266"